v,vw,o,c,h,l,t,n
55962634.0,173.321,172.48,173.5,173.85,172.11,1683518400000,563138
45326874.0,172.3162,173.05,171.77,173.54,171.6,1683604800000,456209
53724501.0,173.1737,173.02,173.555,174.03,171.9,1683691200000,511486
49473076.0,173.4903,173.85,173.75,174.59,172.17,1683777600000,501955
45533138.0,172.3696,173.62,172.57,174.06,171.0,1683864000000,490533
37264259.0,172.1109,173.16,172.07,173.21,171.47,1684123200000,444785
42110293.0,172.2781,171.99,172.07,173.1383,171.7991,1684209600000,436165
57934404.0,171.85,171.71,172.69,172.925,170.4201,1684296000000,554940
65496657.0,174.3014,173.0,175.05,175.24,172.58,1684382400000,595692
55525641.0,175.5191,176.39,175.16,176.39,174.94,1684468800000,532731
43570932.0,174.1828,173.98,174.2,174.71,173.45,1684728000000,526393
50745163.0,172.1908,173.13,171.56,173.3794,171.275,1684814400000,535091
43711588.0,171.5088,171.09,171.84,172.4183,170.52,1684900800000,492275
55889523.0,172.8818,172.41,172.99,173.895,171.69,1684987200000,534909
54834975.0,175.1454,173.32,175.43,175.77,173.11,1685073600000,529918
55963954.0,177.4489,176.96,177.3,178.99,176.57,1685419200000,651318
99625288.0,177.9376,177.325,177.25,179.35,176.76,1685505600000,669221
68901712.0,179.3796,177.7,180.09,180.12,176.9306,1685592000000,624132
61996852.0,180.6479,181.03,180.95,181.78,179.26,1685678400000,617235
121722517.0,182.1408,182.63,179.58,184.951,178.035,1685937600000,1286180
64845314.0,178.7093,179.965,179.21,180.12,177.43,1686024000000,705164
61944615.0,178.6619,178.44,177.82,181.21,177.32,1686110400000,669062
50210681.0,179.5493,177.895,180.57,180.84,177.46,1686196800000,548456
48869360.0,181.4395,181.5,180.96,182.23,180.63,1686283200000,557894
54754995.0,182.836,181.27,183.79,183.89,180.97,1686542400000,562058
54867129.0,183.1702,182.8,183.31,184.15,182.44,1686628800000,608337
57462782.0,183.7101,183.37,183.95,184.39,182.02,1686715200000,614097
65433166.0,185.5672,183.96,186.01,186.52,183.78,1686801600000,697003
101151225.0,185.4644,186.73,184.92,186.99,184.27,1686888000000,616272
49799092.0,185.2709,184.41,185.01,186.1,184.41,1687233600000,577495
49515697.0,184.0809,184.9,183.96,185.41,182.5901,1687320000000,520855
51245327.0,186.1166,183.74,187.0,187.045,183.67,1687406400000,563076
53112346.0,186.4952,185.55,186.68,187.56,185.01,1687492800000,539704
48088661.0,186.3292,186.83,185.27,188.05,185.23,1687752000000,584497
50730846.0,187.4998,185.89,188.06,188.39,185.67,1687838400000,511866
51216801.0,188.8916,187.93,189.25,189.9,187.6,1687924800000,559145
46347308.0,189.5561,189.08,189.59,190.07,188.94,1688011200000,525367
85068452.0,193.102,191.63,193.97,194.48,191.26,1688097600000,774380
31458198.0,192.6624,193.78,192.46,193.88,191.76,1688356800000,500175
46896861.0,191.5803,191.565,191.33,192.98,190.62,1688529600000,560170
45155523.0,190.8214,189.84,191.81,192.02,189.2,1688616000000,562755
46757498.0,191.4218,191.41,190.68,192.67,190.24,1688702400000,538826
59912163.0,188.3628,189.26,188.61,189.99,187.035,1688961600000,736912
46638119.0,187.8219,189.16,188.08,189.3,186.6,1689048000000,577717
60750218.0,189.9586,189.68,189.77,191.7,188.47,1689134400000,652126
41337338.0,190.565,190.5,190.54,191.19,189.78,1689220800000,467952
41616242.0,190.4662,190.23,190.69,191.1799,189.63,1689307200000,513233
50520159.0,193.2997,191.9,193.99,194.32,191.81,1689566400000,602852
48153774.0,193.3846,193.35,193.73,194.33,192.415,1689652800000,544605
80492323.0,194.9188,193.1,195.1,198.23,192.65,1689739200000,776766
59581196.0,194.276,195.09,193.13,196.47,192.495,1689825600000,639817
71451683.0,192.5948,194.1,191.94,194.97,191.23,1689912000000,580360
45345097.0,193.2018,193.41,192.75,194.91,192.25,1690171200000,525853
37283201.0,193.804,193.33,193.62,194.44,192.915,1690257600000,445394
47471868.0,194.3737,193.67,194.5,195.64,193.32,1690344000000,502309
47439680.0,194.8773,196.02,193.22,197.2,192.55,1690430400000,570472
47691443.0,195.8075,194.67,195.83,196.626,194.14,1690516800000,519151
38824113.0,196.1507,196.06,196.45,196.49,195.26,1690776000000,530506
35281426.0,195.8486,196.235,195.605,196.73,195.28,1690862400000,477616
50388811.0,192.9395,195.04,192.58,195.18,191.8507,1690948800000,620582
62243282.0,191.1312,191.57,191.17,192.37,190.69,1691035200000,754703
115956841.0,184.279,185.52,181.99,187.38,181.92,1691121600000,1336765
97105069.0,179.0119,182.13,178.85,183.13,177.35,1691380800000,1159281
67769003.0,178.9854,179.69,179.8,180.27,177.58,1691467200000,709019
60303492.0,178.4887,180.87,178.19,180.93,177.01,1691553600000,666112
54686851.0,178.7951,179.48,177.97,180.75,177.6,1691640000000,652995
51036672.0,177.8056,177.32,177.79,178.62,176.55,1691726400000,586481
43675627.0,178.9475,177.97,179.46,179.69,177.305,1691985600000,564982
43574863.0,177.9886,178.88,177.45,179.48,177.05,1692072000000,510071
45712957.0,177.4133,177.13,176.57,178.54,176.5,1692158400000,526074
66054482.0,174.5857,177.14,174.0,177.5054,173.48,1692244800000,673083
60171878.0,173.8904,172.3,174.49,175.1,171.96,1692331200000,596474
46161959.0,175.2221,175.07,175.84,176.13,173.735,1692590400000,559658
42057245.0,177.0098,177.06,177.23,177.68,176.25,1692676800000,501508
52722752.0,180.6482,178.52,181.12,181.55,178.325,1692763200000,587165
54912798.0,177.7035,180.674,176.38,181.104,176.01,1692849600000,610377
51439994.0,177.9075,177.38,178.61,179.15,175.82,1692936000000,554789
43803238.0,179.6595,180.09,180.19,180.59,178.545,1693195200000,532485
52953948.0,183.28,179.695,184.12,184.9,179.5,1693281600000,576465
60803988.0,186.93,184.94,187.65,187.85,184.74,1693368000000,636448
60794467.0,188.1489,187.84,187.87,189.12,187.48,1693454400000,554869
45393903.0,189.0424,189.485,189.46,189.92,188.28,1693540800000,530273
45280027.0,189.1084,188.28,189.7,189.98,187.61,1693886400000,602458
81753366.0,183.786,188.4,182.91,188.85,181.47,1693972800000,880106
112416703.0,176.7332,175.18,177.56,178.21,173.54,1694059200000,1210080
65402066.0,179.0663,178.35,178.18,180.239,177.79,1694145600000,755389
58953052.0,178.8465,180.07,179.36,180.3,177.34,1694404800000,722430
90316192.0,176.7048,179.49,176.3,180.13,174.82,1694491200000,937419
84267928.0,175.0352,176.51,174.21,177.3,173.98,1694577600000,835150
60345757.0,175.3715,174.0,175.74,176.1,173.58,1694664000000,641017
109259461.0,175.0843,176.48,175.01,176.495,173.82,1694750400000,729794
67257573.0,177.8915,176.48,177.97,179.38,176.17,1695009600000,731278
51826941.0,178.4293,177.52,179.07,179.63,177.13,1695096000000,524402
58436181.0,176.9653,179.26,175.49,179.695,175.4,1695182400000,600225
62449116.0,174.8619,174.55,173.93,176.3,173.86,1695268800000,631478
56688985.0,175.4667,174.67,174.79,177.079,174.05,1695355200000,606168
46172740.0,175.6665,174.2,176.08,176.97,174.15,1695614400000,564218
64548945.0,172.7156,174.82,171.96,175.2,171.66,1695700800000,688340
66920708.0,170.5335,172.62,170.43,173.04,169.05,1695787200000,707850
56294419.0,170.297,169.34,170.69,172.03,167.62,1695873600000,618584
51861083.0,171.5997,172.02,171.21,173.07,170.341,1695960000000,535134
52156935.0,173.2879,171.22,173.75,174.3,170.93,1696219200000,617249
49594613.0,172.1342,172.255,172.4,173.63,170.82,1696305600000,542569
53006286.0,172.9437,171.09,173.66,174.21,170.97,1696392000000,560975
48527918.0,174.2297,173.79,174.91,175.45,172.68,1696478400000,509175
57266675.0,176.3366,173.8,177.49,177.99,173.18,1696564800000,593944
42344772.0,177.8683,176.81,178.99,179.05,175.8,1696824000000,518256
43698019.0,178.6901,178.1,178.39,179.72,177.95,1696910400000,524939
47544848.0,178.9503,178.2,179.8,179.85,177.6,1696996800000,503477
56743119.0,180.9482,180.07,180.71,182.34,179.04,1697083200000,616891
51412082.0,179.4154,181.42,178.85,181.93,178.14,1697169600000,531441
52516984.0,178.1478,176.75,178.72,179.075,176.51,1697428800000,632605
57549350.0,176.8623,176.645,177.15,178.42,174.8,1697515200000,592323
54764375.0,176.3501,175.58,175.84,177.575,175.11,1697601600000,540187
59192863.0,176.215,176.04,175.46,177.84,175.19,1697688000000,560260
64211828.0,173.7459,175.31,172.88,175.42,172.64,1697774400000,600318
55980109.0,172.3829,170.91,173.0,174.01,169.93,1698033600000,639616
43816644.0,172.7333,173.05,173.44,173.67,171.45,1698120000000,530406
57156962.0,171.4932,171.88,171.1,173.06,170.65,1698206400000,610143
70625258.0,167.5944,170.37,166.89,171.3775,165.67,1698292800000,815217
58257129.0,167.9072,166.91,168.22,168.96,166.83,1698379200000,609511
51130955.0,170.0774,169.02,170.29,171.17,168.87,1698638400000,628253
44846017.0,169.9252,169.35,170.77,170.9,167.9,1698724800000,509879
56934906.0,172.6187,171.0,173.97,174.23,170.12,1698811200000,633476
77292052.0,176.6794,175.52,177.57,177.78,175.46,1698897600000,805046
79829246.0,175.5751,174.24,176.65,176.82,173.35,1698984000000,858038
63841310.0,178.5589,176.38,179.23,179.43,176.21,1699246800000,678103
70529966.0,181.2627,179.18,181.82,182.44,178.97,1699333200000,653779
49340282.0,182.6566,182.35,182.89,183.45,181.59,1699419600000,542421
53631840.0,182.912,182.96,182.41,184.12,181.81,1699506000000,545657
66177922.0,185.4104,183.97,186.4,186.565,183.53,1699592400000,610938
43627519.0,184.8317,185.82,184.8,186.03,184.21,1699851600000,530407
60108378.0,187.2038,187.7,187.44,188.11,186.3,1699938000000,609218
53608999.0,188.4191,187.845,188.01,189.5,187.78,1700024400000,564159
54412915.0,189.7109,189.57,189.71,190.96,188.65,1700110800000,620748
50737404.0,189.6022,190.25,189.69,190.38,188.57,1700197200000,510217
46538614.0,191.2984,189.89,191.45,191.905,189.88,1700456400000,554014
38134485.0,190.51,191.41,190.64,191.52,189.74,1700542800000,450749
39630011.0,191.7223,191.49,191.31,192.93,190.825,1700629200000,463560
24018404.0,189.7899,190.87,189.97,190.9,189.25,1700802000000,335946
40456609.0,189.7974,189.92,189.79,190.67,188.9,1701061200000,508895
38415419.0,190.165,189.78,190.4,191.08,189.4,1701147600000,458154
43014224.0,189.9974,190.9,189.37,192.09,188.97,1701234000000,493064
48744366.0,189.337,189.84,189.95,190.32,188.19,1701320400000,486786
45676673.0,190.8613,190.33,191.24,191.56,189.23,1701406800000,515537
43389519.0,188.916,189.98,189.43,190.05,187.4511,1701666000000,587461
66628398.0,193.1715,190.21,193.42,194.4,190.18,1701752400000,700669
41055862.0,192.8014,194.45,192.32,194.76,192.11,1701838800000,491436
47413955.0,194.3967,193.63,194.27,195.0,193.59,1701925200000,495048
53383658.0,195.1638,194.2,195.71,195.99,193.67,1702011600000,538968
60943699.0,192.7089,193.11,193.18,193.49,191.42,1702270800000,691172
52696900.0,193.7834,193.08,194.71,194.72,191.721,1702357200000,510768
70404183.0,196.9085,195.09,197.96,198.0,194.85,1702443600000,672552
66831572.0,198.2872,198.02,198.11,199.62,196.16,1702530000000,691862
127387901.0,197.56,197.53,197.57,198.3999,197.0,1702616400000,625452
55751861.0,195.6255,196.09,195.89,196.63,194.39,1702875600000,655763
40714051.0,196.5277,196.16,196.94,196.95,195.89,1702962000000,451709
52242815.0,196.142,196.9,194.83,197.68,194.83,1703048400000,550599
46482549.0,194.7425,196.1,194.68,197.08,193.5,1703134800000,554844
37149570.0,194.1013,195.18,193.6,195.41,192.97,1703221200000,500544
28919310.0,193.1713,193.61,193.05,193.89,192.83,1703566800000,488257
48087681.0,192.5679,192.49,193.15,193.5,191.09,1703653200000,548076
34049898.0,193.9222,194.14,193.58,194.66,193.17,1703739600000,472404
42672148.0,192.5761,193.9,192.53,194.4,191.725,1703826000000,509123
81964874.0,185.9465,187.15,185.64,188.44,183.885,1704171600000,1008871
58414460.0,184.3226,184.22,184.25,185.88,183.43,1704258000000,656853
71878670.0,182.0183,182.15,181.91,183.0872,180.88,1704344400000,712692
62371161.0,181.474,181.99,181.18,182.76,180.17,1704430800000,682334
59144470.0,184.3702,182.085,185.56,185.6,181.5,1704690000000,669173
42841809.0,184.3706,183.92,185.14,185.15,182.73,1704776400000,538180
46192908.0,185.2509,184.35,186.19,186.4,183.92,1704862800000,554777
49128408.0,185.0604,186.54,185.59,187.05,183.62,1704949200000,584008
40477782.0,185.8199,186.06,185.92,186.74,185.19,1705035600000,477050
65076641.0,182.8866,182.16,183.63,184.26,180.934,1705381200000,767281
47317433.0,181.9201,181.27,182.68,182.93,180.3,1705467600000,594632
77722754.0,187.9358,186.09,188.63,189.14,185.83,1705554000000,787233
68887985.0,190.6149,189.33,191.56,191.95,188.82,1705640400000,682663
60131852.0,193.9891,192.3,193.89,195.33,192.26,1705899600000,718107
42355590.0,194.8203,195.02,195.18,195.75,193.8299,1705986000000,533093
53631316.0,195.2063,195.42,194.5,196.38,194.34,1706072400000,594714
54822126.0,194.7337,195.22,194.17,196.2675,193.1125,1706158800000,644526
44587111.0,193.1207,194.27,192.42,194.76,191.94,1706245200000,534165
47145622.0,191.2954,192.01,191.73,192.2,189.58,1706504400000,599513
55836970.0,188.7927,190.94,188.04,191.8,187.47,1706590800000,690705
55467803.0,185.3525,187.04,184.4,187.095,184.35,1706677200000,679844
64885408.0,185.5688,183.985,186.86,186.95,183.82,1706763600000,820977
102527680.0,184.744,179.86,185.85,187.33,179.25,1706850000000,1108465
69654320.0,187.6824,188.15,187.68,189.25,185.84,1707109200000,804748
43490759.0,188.4788,186.86,189.3,189.31,186.7695,1707195600000,530825
53438955.0,189.3803,190.64,189.41,191.05,188.61,1707282000000,596088
40962046.0,188.3032,189.385,188.32,189.535,187.35,1707368400000,521464
45155216.0,189.0056,188.65,188.85,189.99,188.0,1707454800000,544714
41781934.0,187.5914,188.415,187.15,188.67,186.79,1707714000000,585515
56529529.0,185.0421,185.77,185.04,186.21,183.5128,1707800400000,644015
54617917.0,183.6207,185.32,184.15,185.53,182.44,1707886800000,679072
65434496.0,182.8487,183.55,183.86,184.49,181.35,1707973200000,756083
49752465.0,182.7317,183.42,182.31,184.85,181.665,1708059600000,611770
53574453.0,181.1005,181.79,181.56,182.43,180.0,1708405200000,712335
41496371.0,181.9941,181.94,182.32,182.8888,180.66,1708491600000,522492
52284192.0,183.8372,183.48,184.37,184.955,182.46,1708578000000,613892
44926677.0,182.9876,185.01,182.52,185.04,182.23,1708664400000,549250
40867421.0,181.3213,182.24,181.16,182.76,180.65,1708923600000,615639
54318851.0,181.8192,181.1,182.63,183.9225,179.56,1709010000000,669751
48943139.0,181.1915,182.51,181.42,183.12,180.13,1709096400000,596442
136682597.0,180.6781,181.27,180.75,182.57,179.53,1709182800000,813073
73450582.0,179.0322,179.55,179.66,180.53,177.38,1709269200000,911077
81505451.0,174.8938,176.15,175.1,176.9,173.79,1709528400000,1167166
94702355.0,170.3234,170.76,170.12,172.04,169.62,1709614800000,1108820
68568907.0,169.5506,171.06,169.12,171.24,168.68,1709701200000,896297
71763761.0,169.3619,169.15,169.0,170.73,168.49,1709787600000,825405
76267041.0,171.5322,169.0,170.73,173.7,168.94,1709874000000,925213
60139473.0,172.9273,172.94,172.75,174.38,172.05,1710129600000,793618
59813522.0,172.8726,173.15,173.23,174.03,171.01,1710216000000,735065
52488692.0,171.3457,172.77,171.13,173.185,170.76,1710302400000,647120
72913507.0,173.0899,172.91,173.0,174.3078,172.05,1710388800000,806014
121752699.0,171.8002,171.17,172.62,172.62,170.285,1710475200000,771387
75604184.0,175.4587,175.57,173.72,177.71,173.52,1710734400000,866388
55215244.0,175.4779,174.34,176.08,176.605,173.03,1710820800000,636058
53423102.0,177.2239,175.72,178.67,178.67,175.09,1710907200000,641653
106181270.0,172.7231,177.05,171.37,177.49,170.84,1710993600000,1224985
71146138.0,172.0464,171.76,172.28,173.05,170.06,1711080000000,736378
54288328.0,170.7132,170.565,170.85,171.94,169.45,1711339200000,727686
57388449.0,170.323,170.0,169.71,171.42,169.58,1711425600000,684303
60263665.0,172.5879,170.41,173.31,173.6,170.11,1711512000000,670629
65671690.0,171.3942,171.75,171.48,172.23,170.51,1711598400000,648026
46240500.0,170.0696,171.19,170.03,171.25,169.475,1711944000000,676830
49297581.0,168.8967,169.08,168.84,169.34,168.2302,1712030400000,608914
47691715.0,169.8623,168.79,169.65,170.68,168.58,1712116800000,571286
53682486.0,170.1029,170.29,168.82,171.92,168.82,1712203200000,630783
42104826.0,169.6415,169.59,169.58,170.39,168.95,1712289600000,540854
37425513.0,168.6637,169.03,168.45,169.2,168.24,1712548800000,549987
42451209.0,169.1566,168.7,169.67,170.08,168.35,1712635200000,541699
49691936.0,167.9914,168.8,167.78,169.09,167.11,1712721600000,647587
91053075.0,172.6956,168.34,175.04,175.46,168.16,1712808000000,828408
101282386.0,176.3413,174.26,176.55,178.36,174.21,1712894400000,960229
73498773.0,174.1336,175.36,172.69,176.63,172.5,1713153600000,846771
73665235.0,170.0498,171.75,169.38,173.76,168.27,1713240000000,834297
50351210.0,168.9807,169.61,168.0,170.65,168.0,1713326400000,599004
43103753.0,167.3951,168.03,167.04,168.64,166.55,1713412800000,553239
68149377.0,165.1473,166.21,165.0,166.4,164.075,1713499200000,754775
48071343.0,165.9651,165.515,165.84,167.26,164.77,1713758400000,610367
49537761.0,166.5257,165.35,166.9,167.05,164.92,1713844800000,554942
48251835.0,168.4404,166.54,169.02,169.3,166.21,1713931200000,584990
50558329.0,169.4461,169.525,169.89,170.61,168.1511,1714017600000,608882
44812854.0,169.9936,169.88,169.3,171.34,169.18,1714104000000,563911
68149919.0,174.3663,173.37,173.5,176.03,173.1,1714363200000,808215
65824776.0,172.1418,173.33,170.33,174.99,170.0,1714449600000,647476
49387185.0,170.7198,169.58,169.3,172.705,169.11,1714536000000,648626
94211515.0,174.5241,172.51,173.03,173.415,170.89,1714622400000,944119
163224109.0,184.3674,186.645,183.38,187.0,182.66,1714708800000,1468505
78319667.0,181.8711,182.354,181.71,184.2,180.42,1714968000000,898763
77298571.0,182.7741,183.45,182.4,184.9,181.32,1715054400000,747518
45057087.0,182.4822,182.85,182.74,183.07,181.45,1715140800000,518609
48948972.0,184.005,182.56,184.57,184.66,182.11,1715227200000,551004
50745096.0,183.097,184.9,183.05,185.09,182.13,1715313600000,558778
71969409.0,186.2045,185.435,186.28,187.1,184.62,1715572800000,726518
52393619.0,187.1924,187.51,187.43,188.3,186.29,1715659200000,559493
70381988.0,189.6538,187.91,189.72,190.65,187.37,1715745600000,727614
52845230.0,190.1061,190.47,189.84,191.095,189.6601,1715832000000,566951
41282925.0,189.9231,189.51,189.87,190.81,189.18,1715918400000,478193
44361275.0,191.0826,189.325,191.04,191.9199,189.01,1716177600000,566908
42309401.0,192.2542,191.09,192.35,192.73,190.9201,1716264000000,502788
34648547.0,191.4301,192.265,190.9,192.8231,190.27,1716350400000,452377
51005924.0,188.1932,190.98,186.88,191.0,186.625,1716436800000,574010
36326975.0,189.7193,188.82,189.98,190.58,188.0404,1716523200000,492870
52230051.0,190.8158,191.51,189.99,193.0,189.1,1716868800000,702190
53068016.0,191.1133,189.61,190.29,192.247,189.51,1716955200000,603502
49947941.0,191.4032,190.76,191.29,192.18,190.63,1717041600000,568984
75158277.0,191.6187,191.44,192.25,192.57,189.91,1717128000000,618230
50078439.0,193.7892,192.9,194.03,194.99,192.52,1717387200000,700956
47471445.0,194.3014,194.635,194.35,195.32,193.0342,1717473600000,575318
54156785.0,195.8699,195.4,195.87,196.9,194.87,1717560000000,648283
41162753.0,195.3147,195.685,194.48,196.5,194.17,1717646400000,550122
53085712.0,195.9035,194.65,196.89,196.94,194.14,1717732800000,505958
97262077.0,194.4151,196.9,193.12,197.3,192.15,1717992000000,1115274
172116296.0,203.2083,193.65,207.15,207.16,193.63,1718078400000,1601776
198109293.0,215.2622,207.37,213.07,220.2,206.9,1718164800000,1861009
97750229.0,214.0158,214.74,214.24,216.75,211.6,1718251200000,1032968
70108898.0,212.7595,213.85,212.49,215.17,211.3,1718337600000,793743
93689100.0,216.4099,213.37,216.67,218.95,212.72,1718596800000,1034961
79943254.0,214.7342,217.59,214.29,218.63,213.0,1718683200000,919960
86095783.0,210.6223,213.93,209.68,214.24,208.85,1718856000000,1005360
246421353.0,208.4264,210.39,207.49,211.89,207.11,1718942400000,881938
80721906.0,209.3296,207.72,208.14,212.7,206.59,1719201600000,916151
56280868.0,209.6841,209.15,209.07,211.38,208.61,1719288000000,621193
66213186.0,213.1448,211.5,213.25,214.86,210.64,1719374400000,769103
49772707.0,213.9138,214.69,214.1,215.7395,212.35,1719460800000,644397
82538718.0,212.5585,215.77,210.62,216.07,210.3,1719547200000,729911
60402929.0,215.5066,212.09,216.75,217.51,211.92,1719806400000,784845
58046178.0,219.2005,216.15,220.27,220.38,215.1,1719892800000,689998
37269801.0,220.6593,220.0,221.55,221.55,219.03,1719979200000,566783
59517108.0,224.9718,221.65,226.34,226.45,221.65,1720152000000,767413
59085861.0,226.3635,227.09,227.82,227.85,223.25,1720411200000,790096
48013382.0,228.2164,227.93,228.68,229.4,226.3721,1720497600000,651066
62627687.0,231.6614,229.3,232.98,233.08,229.25,1720584000000,782526
64456867.0,228.4586,231.39,227.57,232.39,225.77,1720670400000,889306
53046527.0,230.9577,228.92,230.54,232.64,228.68,1720756800000,706283
62623152.0,234.9027,236.48,234.4,237.23,233.09,1721016000000,822674
41184278.0,234.3335,235.0,234.82,236.27,232.33,1721102400000,623962
57345884.0,228.8407,229.45,228.88,231.4599,226.64,1721188800000,811104
66034585.0,225.1554,230.28,224.18,230.44,222.27,1721275200000,844626
49151453.0,224.7259,224.82,224.31,226.8,223.275,1721361600000,612830
48201835.0,224.9473,227.01,223.96,227.78,223.09,1721620800000,704897
39960260.0,225.0215,224.365,225.01,226.94,222.68,1721707200000,551688
61777576.0,219.0689,224.0,218.54,224.8,217.13,1721793600000,816144
51391199.0,218.1084,218.93,217.49,220.85,214.62,1721880000000,737642
41599345.0,217.9018,218.7,217.96,219.49,216.01,1721966400000,608588
36284528.0,218.1352,216.96,218.24,219.3,215.75,1722225600000,604722
41493840.0,218.4136,219.19,218.8,220.325,216.12,1722312000000,584354
50036262.0,222.3356,221.44,222.08,223.82,220.63,1722398400000,668901
62477496.0,219.4531,224.37,218.36,224.48,217.02,1722484800000,876127
105568560.0,221.8938,219.15,219.86,225.6,217.71,1722571200000,1132553
119517900.0,207.8008,199.09,209.27,213.5,196.0,1722830400000,1661546
69579488.0,206.7392,205.3,207.23,209.99,201.07,1722916800000,921950
63516417.0,210.6883,206.9,209.82,213.64,206.39,1723003200000,741724
46801649.0,212.6165,213.11,213.31,214.2,208.83,1723089600000,628771
42201646.0,215.1999,212.1,216.24,216.78,211.97,1723176000000,589469
38028092.0,217.5465,216.07,217.53,219.5099,215.6,1723435200000,602530
44155331.0,220.8758,219.01,221.27,221.89,219.01,1723521600000,553265
41948574.0,221.5105,220.57,221.72,223.03,219.7,1723608000000,568518
46398713.0,224.5505,224.6,224.72,225.35,222.76,1723694400000,590574
44338440.0,225.4305,223.92,226.05,226.8271,223.6501,1723780800000,562637
40687813.0,224.8579,225.72,225.89,225.99,223.04,1724040000000,606363
30299033.0,226.5299,225.77,226.51,227.17,225.45,1724126400000,498797
34765480.0,226.4461,226.52,226.4,227.98,225.05,1724212800000,506656
43673321.0,225.4771,227.79,224.53,228.34,223.9,1724299200000,586188
38647250.0,226.581,225.6589,226.84,228.22,224.33,1724385600000,555153
30599408.0,226.0636,226.76,227.18,227.28,223.8905,1724644800000,565403
35934559.0,227.7927,225.995,228.03,228.85,224.89,1724731200000,491852
37737167.0,227.4243,227.92,226.49,229.86,225.68,1724817600000,563158
51906297.0,230.9934,230.1,229.79,232.92,228.88,1724904000000,723145
52988670.0,228.9147,230.19,229.0,230.4,227.48,1724990400000,594157
50175516.0,223.7969,228.55,222.77,229.0,221.17,1725336000000,813602
43840196.0,219.9662,221.66,220.85,221.78,217.48,1725422400000,679980
36615398.0,223.0951,221.625,222.38,225.48,221.52,1725508800000,588073
48423011.0,221.6372,223.95,220.82,225.24,219.77,1725595200000,663965
67179965.0,219.3818,220.82,220.91,221.27,216.71,1725854400000,945464
51591033.0,219.5811,218.92,220.11,221.48,216.73,1725940800000,684935
44587072.0,221.236,221.455,222.66,223.09,217.89,1726027200000,609494
37497490.0,222.3956,222.5,222.77,223.55,219.82,1726113600000,556916
36766619.0,222.9215,223.58,222.5,224.04,221.91,1726200000000,541883
59357427.0,215.9366,216.54,216.32,217.22,213.92,1726459200000,870760
45519339.0,216.194,215.75,216.79,216.9,214.5,1726545600000,651444
59894928.0,220.4476,217.55,220.69,222.71,217.54,1726632000000,833014
66781315.0,228.3978,224.99,228.87,229.82,224.63,1726718400000,808546
317079888.0,228.9173,229.97,228.2,233.09,227.62,1726804800000,971913
54090023.0,227.0255,227.34,226.47,229.45,225.81,1727064000000,693311
43556068.0,227.2501,228.645,227.37,229.35,225.73,1727150400000,519573
42308715.0,225.8624,224.93,226.37,227.29,224.02,1727236800000,564630
36635707.0,227.2807,227.3,227.52,228.5,225.41,1727323200000,433164
34003467.0,228.1279,228.46,227.79,229.52,227.3,1727409600000,504107
54793391.0,232.0056,230.04,233.0,233.0,229.65,1727668800000,710084
63235048.0,225.9759,229.52,226.21,229.65,223.74,1727755200000,832119
32880605.0,226.0517,225.89,226.78,227.37,223.02,1727841600000,504717
34044158.0,225.0086,225.14,225.67,226.805,223.32,1727928000000,516347
37345098.0,225.8887,227.9,226.8,228.0,224.13,1728014400000,558162
39505354.0,223.2342,224.5,221.69,225.69,221.33,1728273600000,607240
31855693.0,225.0548,224.3,225.77,225.98,223.25,1728360000000,495518
33591091.0,228.3401,225.23,229.54,229.75,224.83,1728446400000,519279
28183544.0,228.5592,227.78,229.04,229.5,227.17,1728532800000,446857
31759188.0,228.0176,229.3,227.55,229.41,227.34,1728619200000,485460
39882085.0,230.7772,228.7,231.3,231.73,228.6,1728878400000,580529
64748367.0,234.795,233.61,233.85,237.49,232.37,1728964800000,827529
34082240.0,231.1082,231.6,231.78,232.12,229.84,1729051200000,551097
32974310.0,232.0782,233.43,232.15,233.85,230.52,1729137600000,487629
45831472.0,235.2165,236.18,235.0,236.18,234.01,1729224000000,562501
36254470.0,235.9588,234.45,236.48,236.85,234.45,1729483200000,538692
38846578.0,234.9316,233.885,235.86,236.22,232.6,1729569600000,489180
52286979.0,231.1276,234.08,230.76,235.144,227.76,1729656000000,722059
31109503.0,230.1026,229.98,230.57,230.82,228.41,1729742400000,490815
38602304.0,231.6647,229.74,231.41,233.22,229.57,1729828800000,551679
36087134.0,233.5569,233.32,233.4,234.73,232.55,1730088000000,557146
35413047.0,233.5947,233.1,233.67,234.325,232.32,1730174400000,484093
47060257.0,230.8804,232.61,230.1,233.47,229.55,1730260800000,593651
64370086.0,226.6453,229.34,225.91,229.83,225.37,1730347200000,767895
65276741.0,222.8124,220.965,222.91,225.35,220.27,1730433600000,859117
44344468.0,221.7744,220.99,222.01,222.79,219.71,1730696400000,647166
28111338.0,223.1048,221.795,223.45,223.95,221.14,1730782800000,502059
54561121.0,223.8013,222.61,222.72,226.065,221.19,1730869200000,796635
42137691.0,226.791,224.625,227.48,227.875,224.57,1730955600000,623242
38328824.0,227.2124,227.17,226.96,228.66,226.405,1731042000000,541125
42005602.0,223.4599,225.0,224.23,225.7,221.5,1731301200000,555127
40398299.0,224.3724,224.55,224.23,225.59,223.355,1731387600000,462612
48566217.0,224.9226,224.01,225.12,226.65,222.76,1731474000000,467219
44923941.0,227.4472,225.02,228.22,228.87,225.0,1731560400000,492068
47923696.0,225.0925,226.4,225.0,226.92,224.27,1731646800000,451319
44686020.0,228.083,225.25,228.02,229.74,225.17,1731906000000,437779
36211774.0,228.6648,226.98,228.28,230.16,226.66,1731992400000,365242
35075316.0,228.0808,228.06,229.0,229.93,225.89,1732078800000,358454
42108327.0,228.4689,228.88,228.52,230.155,225.7103,1732165200000,431685
38168252.0,229.6877,228.06,229.87,230.7199,228.06,1732251600000,380624
90002832.0,232.3535,231.46,232.87,233.245,229.74,1732510800000,510697
45986189.0,234.7502,233.33,235.06,235.57,233.33,1732597200000,450015
33498439.0,234.7968,234.465,234.93,235.69,233.8101,1732683600000,339860
28481377.0,236.6232,234.805,237.33,237.81,233.97,1732856400000,268955
48137103.0,239.4992,237.27,239.59,240.79,237.16,1733115600000,469685
38861017.0,241.644,239.81,242.65,242.76,238.9,1733202000000,419384
44383935.0,242.918,242.87,243.01,244.11,241.25,1733288400000,406663
40033878.0,243.0077,243.99,243.04,244.54,242.13,1733374800000,401262
36870619.0,243.187,242.905,242.84,244.63,242.08,1733461200000,366549
44649232.0,246.0624,241.83,246.75,247.24,241.75,1733720400000,500769
36914806.0,247.2778,246.89,247.77,248.21,245.34,1733806800000,423350
45205814.0,248.069,247.96,246.49,250.8,246.2601,1733893200000,455625
32777532.0,247.7433,246.89,247.96,248.74,245.68,1733979600000,353012
33081590.0,247.7598,247.815,248.13,249.2902,246.24,1734066000000,349809
51694753.0,250.4623,247.99,251.04,251.38,247.65,1734325200000,448224
51356360.0,252.982,250.08,253.48,253.83,249.78,1734411600000,487662
56764701.0,250.531,252.16,248.05,254.28,247.74,1734498000000,564346
60559114.0,249.8401,247.5,249.79,252.0,247.0949,1734584400000,532893
147495267.0,253.1916,248.04,254.49,255.0,245.69,1734670800000,551019
40858774.0,254.7699,254.77,255.27,255.65,253.45,1734930000000,422563
23234705.0,257.4634,255.49,258.2,258.21,255.29,1735016400000,245932
27262983.0,258.9315,258.19,259.02,260.1,257.63,1735189200000,362325
42355321.0,255.2418,257.83,255.59,258.7,253.06,1735275600000,474899
35557542.0,252.2669,252.23,252.2,253.5,250.75,1735534800000,421634
39480718.0,250.6934,252.44,250.42,253.28,249.43,1735621200000,361255
55090731.0,244.346,248.93,243.85,249.1,241.8201,1735794000000,685447
40244114.0,243.0805,243.36,243.36,244.18,241.89,1735880400000,493786
45045571.0,245.1726,244.31,245.0,247.33,243.2,1736139600000,493920
40855960.0,242.9459,242.98,242.21,245.55,241.35,1736226000000,462887
37613940.0,242.2993,241.92,242.7,243.7123,240.05,1736312400000,406915
61705156.0,236.6063,240.01,236.85,240.16,233.0,1736485200000,685975
49630725.0,232.7529,233.53,234.4,234.67,229.72,1736744400000,561231
39433494.0,233.8732,234.75,233.28,236.12,232.472,1736830800000,436332
39822169.0,237.58,234.635,237.87,238.96,234.43,1736917200000,418803
71752652.0,230.4964,237.35,228.26,238.01,228.03,1737003600000,786111
67849101.0,230.4618,232.115,229.98,232.29,228.48,1737090000000,579300
98070429.0,221.6956,224.0,222.64,224.42,219.38,1737435600000,1220197
64126500.0,222.8221,219.79,223.83,224.12,219.79,1737522000000,683037
60234760.0,224.1093,224.74,223.66,227.03,222.3,1737608400000,619806
54697907.0,223.1447,224.78,222.78,225.63,221.41,1737694800000,579473
94863418.0,228.8379,224.02,229.86,232.15,223.98,1737954000000,1008209
75682044.0,237.4839,230.85,238.26,240.19,230.81,1738040400000,788816
45475767.0,237.4858,234.12,239.36,239.855,234.01,1738126800000,515212
55658279.0,238.9601,238.665,237.59,240.79,237.21,1738213200000,636380
101071628.0,238.5565,247.19,236.0,247.19,233.44,1738299600000,936709
73039761.0,228.3037,229.99,228.01,231.83,225.7,1738558800000,851633
45014201.0,231.2132,227.25,232.8,233.13,226.65,1738645200000,497327
39664989.0,230.8247,228.53,232.47,232.67,228.27,1738731600000,445631
29869249.0,232.4036,231.285,233.22,233.8,230.425,1738818000000,375400
39707224.0,229.1297,232.6,227.63,234.0,227.26,1738904400000,488184
33096475.0,228.45,229.57,227.65,230.585,227.2,1739163600000,398258
53710612.0,232.4505,228.2,232.62,235.23,228.13,1739250000000,552126
45243281.0,235.0413,231.2,236.87,236.96,230.68,1739336400000,486474
53614054.0,240.3233,236.91,241.53,242.3399,235.57,1739422800000,531132
40383927.0,244.0715,241.25,244.6,245.55,240.99,1739509200000,481731
48822491.0,244.1423,244.15,244.47,245.18,241.84,1739854800000,486720
32204215.0,244.6863,244.66,244.87,246.01,243.1604,1739941200000,383453
32316907.0,245.6383,244.94,245.83,246.78,244.29,1740027600000,405771
53196141.0,246.3756,245.95,245.55,248.69,245.22,1740114000000,508397
51326396.0,247.2414,244.925,247.1,248.86,244.42,1740373200000,593130
48013272.0,247.4765,248.0,247.04,250.0,244.91,1740459600000,574045
44433564.0,241.6568,244.33,240.36,244.98,239.13,1740546000000,557242
41153639.0,239.4953,239.41,237.3,242.46,237.06,1740632400000,503479
56833349.0,239.5113,236.95,241.84,242.09,230.2,1740718800000,572583
47183985.0,239.9029,241.79,238.03,244.0272,236.112,1740978000000,557039
53798024.0,237.5186,237.705,235.93,240.07,234.68,1741064400000,685392
47227642.0,234.0871,235.42,235.74,236.55,229.23,1741150800000,558644
45155019.0,235.2928,234.435,235.33,237.86,233.1581,1741237200000,551789
46250710.0,238.9039,235.105,239.07,241.37,234.76,1741323600000,581194
72071197.0,227.6311,235.54,227.48,236.16,224.22,1741579200000,1152721
76124402.0,221.1807,223.805,220.84,225.8399,217.45,1741665600000,899697
62547467.0,217.6087,220.14,216.98,221.75,214.91,1741752000000,792931
61318730.0,212.0144,215.95,209.68,216.8394,208.42,1741838400000,768933
60107582.0,212.4529,211.25,213.49,213.95,209.58,1741924800000,668917
48073426.0,213.2536,213.31,214.0,215.22,209.97,1742184000000,577436
42427021.0,213.0584,214.16,212.69,215.15,211.49,1742270400000,493002
54383891.0,215.5599,214.22,215.24,218.76,213.75,1742356800000,524677
48862947.0,214.3888,213.99,214.1,217.4899,212.22,1742443200000,499769
93568368.0,215.9292,211.56,218.27,218.84,211.28,1742529600000,496946
44299483.0,220.0734,221.0,220.73,221.48,218.58,1742788800000,495018
34493583.0,223.1154,220.77,223.75,224.1,220.08,1742875200000,407132
34492906.0,222.5202,223.51,221.53,225.02,220.47,1742961600000,440451
37093374.0,223.3729,221.39,223.85,224.99,220.5601,1743048000000,387118
39818617.0,219.3577,221.67,217.9,223.81,217.68,1743134400000,485185
65283571.0,220.6569,217.005,222.13,225.62,216.23,1743393600000,646562
36336840.0,222.3346,219.805,223.19,223.68,218.9,1743480000000,594669
35905904.0,222.4314,221.315,223.89,225.19,221.02,1743566400000,473114
103419006.0,204.1959,205.54,203.19,207.49,201.25,1743652800000,1366640
125897269.0,192.5544,193.89,188.38,199.88,187.34,1743739200000,1716139
160406286.0,180.5647,177.2,181.46,194.15,174.62,1743998400000,2117014
120696904.0,179.0738,186.7,172.42,190.335,169.2101,1744084800000,1671524
184261774.0,187.9565,171.95,198.85,200.61,171.89,1744171200000,2212956
121879981.0,189.982,189.065,190.42,194.7799,183.0,1744257600000,1500041
87435915.0,195.623,186.1,198.15,199.54,186.06,1744344000000,1073191
101352911.0,205.5914,211.44,202.52,212.94,201.1621,1744603200000,1272714
51343872.0,202.1396,201.855,202.14,203.51,199.8,1744689600000,595846
59727673.0,195.8891,198.36,194.27,200.7,192.37,1744776000000,744248
52164675.0,196.8888,197.2,196.98,198.8335,194.42,1744862400000,537919
46742537.0,192.0767,193.265,193.16,193.8,189.8112,1745208000000,576340
52976371.0,199.2937,196.12,199.74,201.59,195.97,1745294400000,608790
52929165.0,205.3603,206.0,204.6,208.0,202.799,1745380800000,664354
47310989.0,207.0889,204.89,208.37,208.8299,202.94,1745467200000,490831
38222258.0,208.3682,206.365,209.28,209.75,206.2,1745553600000,469917
38737224.0,209.6743,210.0,210.14,211.5,207.46,1745812800000,436968
36827633.0,210.9585,208.693,211.21,212.24,208.37,1745899200000,403524
52286454.0,211.3283,209.3,212.5,213.58,206.6705,1745985600000,501667
57364925.0,211.8686,209.08,213.32,214.56,208.9,1746072000000,712565
101010621.0,204.9131,206.09,205.35,206.99,202.16,1746158400000,1100613
69018452.0,199.7435,203.1,198.89,204.1,198.21,1746417600000,770697
51216482.0,198.8453,198.21,198.51,200.65,197.02,1746504000000,529849
