Date,Open,High,Low,Close,Volume,Dividends,Stock Splits,y,rating
2021-03-01,13406.16015625,13596.58984375,13362.66015625,13588.830078125,5079530000,0.0,0.0,58.52,greed
2021-03-02,13599.4501953125,13601.330078125,13352.0,13358.7900390625,4948140000,0.0,0.0,50.32000000000001,neutral
2021-03-03,13336.25,13372.51953125,12995.0703125,12997.75,5529980000,0.0,0.0,43.84,fear
2021-03-04,12953.990234375,13068.7099609375,12553.9599609375,12723.4697265625,7864380000,0.0,0.0,37.8,fear
2021-03-05,12860.0400390625,12941.2099609375,12397.0498046875,12920.150390625,7725200000,0.0,0.0,41.52,fear
2021-03-08,12904.259765625,13001.0,12599.23046875,12609.16015625,6010230000,0.0,0.0,39.08,fear
2021-03-09,12923.0703125,13151.5400390625,12882.490234375,13073.8203125,6345560000,0.0,0.0,43.36,fear
2021-03-10,13234.73046875,13277.1103515625,13035.4404296875,13068.830078125,6023880000,0.0,0.0,45.56,neutral
2021-03-11,13273.3095703125,13433.6201171875,13246.330078125,13398.669921875,6008850000,0.0,0.0,50.480000000000004,neutral
2021-03-12,13222.8095703125,13324.6904296875,13158.7197265625,13319.8603515625,5497210000,0.0,0.0,53.720000000000006,neutral
2021-03-15,13323.4697265625,13460.349609375,13272.5,13459.7099609375,5972370000,0.0,0.0,56.52,greed
2021-03-16,13523.169921875,13620.7099609375,13397.080078125,13471.5703125,5493890000,0.0,0.0,54.8,neutral
2021-03-17,13336.91015625,13595.0,13272.6904296875,13525.2001953125,5536110000,0.0,0.0,57.86666666666667,greed
2021-03-18,13349.2001953125,13384.4599609375,13101.919921875,13116.169921875,5739720000,0.0,0.0,52.333333333333336,neutral
2021-03-19,13119.900390625,13252.3701171875,13039.4501953125,13215.240234375,7630590000,0.0,0.0,50.833333333333336,neutral
2021-03-22,13278.7802734375,13455.6396484375,13278.7802734375,13377.5400390625,5321760000,0.0,0.0,50.699999999999996,neutral
2021-03-23,13381.4296875,13405.150390625,13202.4296875,13227.7001953125,5675010000,0.0,0.0,41.800000000000004,fear
2021-03-24,13289.240234375,13292.919921875,12961.349609375,12961.8896484375,6248650000,0.0,0.0,37.66666666666667,fear
2021-03-25,12844.580078125,13021.8603515625,12786.8095703125,12977.6796875,5634290000,0.0,0.0,37.833333333333336,fear
2021-03-26,12996.0302734375,13149.5498046875,12878.7197265625,13138.73046875,5224360000,0.0,0.0,37.56666666666667,fear
2021-03-29,13103.9697265625,13143.41015625,12968.16015625,13059.650390625,4965090000,0.0,0.0,39.56666666666667,fear
2021-03-30,13008.7998046875,13075.75,12922.5703125,13045.3896484375,4721950000,0.0,0.0,42.03333333333334,fear
2021-03-31,13122.5703125,13325.5400390625,13118.3798828125,13246.8701171875,5004720000,0.0,0.0,44.56666666666667,fear
2021-04-01,13414.3203125,13487.080078125,13404.1796875,13480.1103515625,4576480000,0.0,0.0,46.400000000000006,neutral
2021-04-05,13594.900390625,13720.580078125,13582.759765625,13705.58984375,4459000000,0.0,0.0,54.56666666666667,neutral
2021-04-06,13681.669921875,13776.7099609375,13674.2802734375,13698.3798828125,4073710000,0.0,0.0,53.5,neutral
2021-04-07,13675.2998046875,13733.0302734375,13653.58984375,13688.83984375,4098740000,0.0,0.0,52.53333333333333,neutral
2021-04-08,13796.8896484375,13830.1396484375,13758.7099609375,13829.3095703125,4153600000,0.0,0.0,48.099999999999994,neutral
2021-04-09,13787.01953125,13905.41015625,13748.349609375,13900.1904296875,3926110000,0.0,0.0,47.5,neutral
2021-04-12,13854.4404296875,13877.0,13783.9501953125,13850.0,4250900000,0.0,0.0,43.43333333333334,fear
2021-04-13,13902.4501953125,14011.509765625,13902.4501953125,13996.099609375,4219360000,0.0,0.0,43.63333333333333,fear
2021-04-14,14004.080078125,14033.6298828125,13839.0400390625,13857.83984375,4120770000,0.0,0.0,39.96666666666667,fear
2021-04-15,13983.23046875,14049.1298828125,13970.419921875,14038.759765625,4406880000,0.0,0.0,47.16666666666668,neutral
2021-04-16,14059.1103515625,14062.5,13977.0498046875,14052.33984375,4427780000,0.0,0.0,51.300000000000004,neutral
2021-04-19,13984.580078125,14041.7900390625,13842.5703125,13914.76953125,4379610000,0.0,0.0,45.26666666666667,neutral
2021-04-20,13894.4599609375,13927.669921875,13698.669921875,13786.26953125,4245120000,0.0,0.0,42.866666666666674,fear
2021-04-21,13745.76953125,13951.349609375,13706.8603515625,13950.2197265625,3999620000,0.0,0.0,49.63333333333333,neutral
2021-04-22,13952.5703125,14015.8701171875,13771.0400390625,13818.41015625,4420820000,0.0,0.0,46.70000000000001,neutral
2021-04-23,13861.3701171875,14062.740234375,13856.830078125,14016.8095703125,4355100000,0.0,0.0,47.699999999999996,neutral
2021-04-26,14052.3798828125,14154.0302734375,14019.5,14138.7802734375,4506210000,0.0,0.0,50.53333333333334,neutral
2021-04-27,14170.91015625,14171.240234375,14064.2802734375,14090.2197265625,4691460000,0.0,0.0,54.800000000000004,neutral
2021-04-28,14082.7802734375,14133.650390625,14034.7001953125,14051.0302734375,4559710000,0.0,0.0,52.400000000000006,neutral
2021-04-29,14204.509765625,14211.5703125,13952.7998046875,14082.5498046875,4928030000,0.0,0.0,56.166666666666664,greed
2021-04-30,13970.73046875,14084.759765625,13941.6298828125,13962.6796875,4792460000,0.0,0.0,46.53333333333333,neutral
2021-05-03,14031.76953125,14042.1201171875,13881.509765625,13895.1201171875,4761430000,0.0,0.0,47.56666666666667,neutral
2021-05-04,13774.509765625,13795.5703125,13485.58984375,13633.5,5879730000,0.0,0.0,43.46666666666667,fear
2021-05-05,13731.1298828125,13753.0498046875,13553.9296875,13582.419921875,4535690000,0.0,0.0,43.03333333333333,fear
2021-05-06,13557.830078125,13635.73046875,13439.3896484375,13632.83984375,5021400000,0.0,0.0,43.93333333333334,fear
2021-05-07,13723.08984375,13828.6201171875,13690.75,13752.240234375,4391100000,0.0,0.0,48.166666666666664,neutral
2021-05-10,13687.58984375,13687.9296875,13401.740234375,13401.8603515625,4818670000,0.0,0.0,44.93333333333334,fear
2021-05-11,13115.849609375,13423.3095703125,13107.669921875,13389.4296875,4738390000,0.0,0.0,42.03333333333334,fear
2021-05-12,13215.490234375,13288.6103515625,13002.5400390625,13031.6796875,4752930000,0.0,0.0,26.766666666666666,fear
2021-05-13,13150.9404296875,13247.8701171875,13007.240234375,13124.990234375,4698110000,0.0,0.0,34.433333333333344,fear
2021-05-14,13255.650390625,13460.8798828125,13242.9697265625,13429.98046875,4022610000,0.0,0.0,35.99999999999999,fear
2021-05-17,13368.7998046875,13399.169921875,13265.400390625,13379.0498046875,3997780000,0.0,0.0,36.36666666666667,fear
2021-05-18,13416.900390625,13485.33984375,13299.9296875,13303.6396484375,4301300000,0.0,0.0,34.03333333333334,fear
2021-05-19,13078.1904296875,13304.6103515625,13072.23046875,13299.740234375,4333520000,0.0,0.0,32.333333333333336,fear
2021-05-20,13356.6298828125,13563.51953125,13355.7099609375,13535.740234375,3990760000,0.0,0.0,32.300000000000004,fear
2021-05-21,13616.1904296875,13616.580078125,13463.259765625,13470.990234375,3733940000,0.0,0.0,29.433333333333334,fear
2021-05-24,13557.2099609375,13708.849609375,13551.009765625,13661.169921875,3509470000,0.0,0.0,29.5,fear
2021-05-25,13721.5400390625,13751.1396484375,13631.7998046875,13657.169921875,4128990000,0.0,0.0,26.66666666666667,fear
2021-05-26,13693.9404296875,13750.16015625,13679.58984375,13738.0,4264500000,0.0,0.0,28.133333333333336,fear
2021-05-27,13742.58984375,13776.51953125,13701.6298828125,13736.2802734375,5087180000,0.0,0.0,30.3,fear
2021-05-28,13792.0498046875,13820.8701171875,13747.6103515625,13748.740234375,4447940000,0.0,0.0,31.566666666666666,fear
2021-06-01,13829.0595703125,13836.169921875,13678.76953125,13736.48046875,4186280000,0.0,0.0,35.4,fear
2021-06-02,13743.240234375,13775.8896484375,13689.740234375,13756.330078125,5097630000,0.0,0.0,42.13333333333333,fear
2021-06-03,13655.75,13684.1298828125,13548.9296875,13614.509765625,5396250000,0.0,0.0,40.800000000000004,fear
2021-06-04,13697.25,13826.8203125,13692.009765625,13814.490234375,4360710000,0.0,0.0,41.9,fear
2021-06-07,13802.8203125,13889.1103515625,13784.8896484375,13881.7197265625,4639210000,0.0,0.0,44.46666666666667,fear
2021-06-08,13946.3203125,13981.7197265625,13831.98046875,13924.91015625,5958410000,0.0,0.0,46.46666666666667,neutral
2021-06-09,13980.23046875,14003.5,13906.4501953125,13911.75,5640490000,0.0,0.0,48.53333333333333,neutral
2021-06-10,13933.8798828125,14031.1904296875,13904.400390625,14020.330078125,4919880000,0.0,0.0,48.9,neutral
2021-06-11,14030.849609375,14069.419921875,14006.58984375,14069.419921875,4157580000,0.0,0.0,51.23333333333334,neutral
2021-06-14,14083.4697265625,14175.4501953125,14056.669921875,14174.1396484375,4415160000,0.0,0.0,54.166666666666664,neutral
2021-06-15,14166.6396484375,14171.01953125,14052.16015625,14072.8603515625,4554580000,0.0,0.0,52.666666666666664,neutral
2021-06-16,14085.5498046875,14129.6904296875,13903.73046875,14039.6796875,4683030000,0.0,0.0,44.800000000000004,fear
2021-06-17,13999.1298828125,14196.2099609375,13998.9296875,14161.349609375,4558280000,0.0,0.0,42.03333333333334,fear
2021-06-18,14096.9296875,14129.2197265625,14009.0400390625,14030.3798828125,6126070000,0.0,0.0,31.600000000000005,fear
2021-06-21,14047.419921875,14150.7802734375,13960.0400390625,14141.48046875,4562010000,0.0,0.0,32.46666666666666,fear
2021-06-22,14138.2900390625,14269.76953125,14121.0,14253.26953125,4433140000,0.0,0.0,32.800000000000004,fear
2021-06-23,14263.3798828125,14317.66015625,14246.2998046875,14271.73046875,4417470000,0.0,0.0,33.26666666666667,fear
2021-06-24,14357.26953125,14414.4599609375,14333.7001953125,14369.7099609375,4324620000,0.0,0.0,36.9,fear
2021-06-25,14400.8095703125,14409.080078125,14337.650390625,14360.3896484375,7468090000,0.0,0.0,41.63333333333333,fear
2021-06-28,14417.8095703125,14505.1904296875,14417.2001953125,14500.509765625,4283000000,0.0,0.0,41.43333333333334,fear
2021-06-29,14509.1904296875,14535.9697265625,14471.3798828125,14528.330078125,4901300000,0.0,0.0,39.833333333333336,fear
2021-06-30,14509.849609375,14526.8095703125,14478.0595703125,14503.9501953125,5293810000,0.0,0.0,38.00000000000001,fear
2021-07-01,14493.6904296875,14533.5498046875,14439.400390625,14522.3798828125,4410470000,0.0,0.0,38.666666666666664,fear
2021-07-02,14582.98046875,14649.1103515625,14555.33984375,14639.330078125,3751420000,0.0,0.0,38.66666666666667,fear
2021-07-06,14661.5498046875,14687.0,14529.7998046875,14663.6396484375,4489540000,0.0,0.0,33.300000000000004,fear
2021-07-07,14753.41015625,14755.330078125,14580.7900390625,14665.0595703125,4605630000,0.0,0.0,33.1,fear
2021-07-08,14409.2001953125,14610.0595703125,14371.58984375,14559.7802734375,4575010000,0.0,0.0,26.96666666666667,fear
2021-07-09,14578.4296875,14710.2001953125,14552.259765625,14701.919921875,3826500000,0.0,0.0,31.000000000000004,fear
2021-07-12,14743.8603515625,14761.080078125,14672.6298828125,14733.240234375,3897090000,0.0,0.0,31.7,fear
2021-07-13,14715.1298828125,14803.6796875,14660.1904296875,14677.650390625,4583460000,0.0,0.0,31.266666666666666,fear
2021-07-14,14780.900390625,14790.5498046875,14632.9501953125,14644.9501953125,4496220000,0.0,0.0,29.533333333333335,fear
2021-07-15,14635.7802734375,14650.3701171875,14451.7998046875,14543.1298828125,4512550000,0.0,0.0,27.33333333333334,fear
2021-07-16,14597.509765625,14623.01953125,14413.3203125,14427.240234375,4069530000,0.0,0.0,26.900000000000002,fear
2021-07-19,14235.98046875,14313.599609375,14178.66015625,14274.98046875,4537130000,0.0,0.0,8.983333333333334,extreme fear
2021-07-20,14330.4599609375,14555.75,14271.23046875,14498.8798828125,4652450000,0.0,0.0,20.066666666666666,extreme fear
2021-07-21,14508.75,14633.1396484375,14498.650390625,14631.9501953125,4098520000,0.0,0.0,24.2,extreme fear
2021-07-22,14652.7197265625,14694.1904296875,14617.8701171875,14684.599609375,3597540000,0.0,0.0,24.333333333333332,extreme fear
2021-07-23,14753.0595703125,14846.0595703125,14698.76953125,14836.990234375,3997250000,0.0,0.0,28.299999999999997,fear
2021-07-26,14821.0302734375,14863.650390625,14790.490234375,14840.7099609375,4437090000,0.0,0.0,30.900000000000002,fear
2021-07-27,14807.9501953125,14811.080078125,14503.759765625,14660.580078125,4329230000,0.0,0.0,27.166666666666668,fear
2021-07-28,14715.66015625,14798.8798828125,14645.6298828125,14762.580078125,4268210000,0.0,0.0,27.46666666666667,fear
2021-07-29,14771.169921875,14833.740234375,14761.3798828125,14778.259765625,3928640000,0.0,0.0,29.233333333333334,fear
2021-07-30,14615.849609375,14728.7802734375,14615.849609375,14672.6796875,3645050000,0.0,0.0,25.76666666666667,fear
2021-08-02,14758.599609375,14770.41015625,14665.669921875,14681.0703125,3746130000,0.0,0.0,25.099999999999998,fear
2021-08-03,14713.990234375,14762.599609375,14584.08984375,14761.2900390625,4141370000,0.0,0.0,29.533333333333335,fear
2021-08-04,14747.2099609375,14812.3701171875,14734.1201171875,14780.5302734375,4337330000,0.0,0.0,28.633333333333336,fear
2021-08-05,14794.080078125,14896.4697265625,14776.0302734375,14895.1201171875,4107300000,0.0,0.0,29.633333333333336,fear
2021-08-06,14864.2197265625,14890.1796875,14788.58984375,14835.759765625,4173090000,0.0,0.0,31.866666666666664,fear
2021-08-09,14855.759765625,14883.8095703125,14802.6904296875,14860.1796875,4111640000,0.0,0.0,32.06666666666667,fear
2021-08-10,14887.75,14894.6103515625,14754.48046875,14788.08984375,3991770000,0.0,0.0,34.833333333333336,fear
2021-08-11,14834.3798828125,14842.5,14692.41015625,14765.1396484375,4002340000,0.0,0.0,37.93333333333334,fear
2021-08-12,14751.3603515625,14824.3095703125,14698.9404296875,14816.259765625,4049000000,0.0,0.0,43.13333333333333,fear
2021-08-13,14825.0703125,14850.6103515625,14797.2197265625,14822.900390625,4061070000,0.0,0.0,47.13333333333333,neutral
2021-08-16,14771.5302734375,14794.6796875,14610.01953125,14793.759765625,3973920000,0.0,0.0,44.866666666666674,fear
2021-08-17,14670.5595703125,14716.9501953125,14550.8798828125,14656.1796875,4168880000,0.0,0.0,31.7,fear
2021-08-18,14636.240234375,14697.25,14516.2998046875,14525.91015625,3841840000,0.0,0.0,18.2,extreme fear
2021-08-19,14423.16015625,14610.759765625,14423.16015625,14541.7900390625,4191490000,0.0,0.0,14.883333333333335,extreme fear
2021-08-20,14571.5302734375,14722.16015625,14571.5302734375,14714.66015625,3886340000,0.0,0.0,23.86666666666667,extreme fear
2021-08-23,14776.98046875,14963.4697265625,14776.98046875,14942.650390625,3906780000,0.0,0.0,30.433333333333334,fear
2021-08-24,14978.1396484375,15034.8896484375,14965.5400390625,15019.7998046875,3809750000,0.0,0.0,34.4,fear
2021-08-25,15039.0302734375,15059.4296875,15011.580078125,15041.8603515625,3654150000,0.0,0.0,36.03333333333333,fear
2021-08-26,15025.169921875,15059.6298828125,14939.5595703125,14945.8095703125,3630900000,0.0,0.0,36.833333333333336,fear
2021-08-27,14969.76953125,15144.48046875,14966.51953125,15129.5,4048610000,0.0,0.0,47.46666666666667,neutral
2021-08-30,15165.9404296875,15288.080078125,15165.1201171875,15265.8896484375,4061760000,0.0,0.0,47.86666666666667,neutral
2021-08-31,15262.8798828125,15278.9599609375,15202.669921875,15259.240234375,4188020000,0.0,0.0,47.23333333333333,neutral
2021-09-01,15308.98046875,15379.5,15302.1103515625,15309.3798828125,4271690000,0.0,0.0,43.13333333333333,fear
2021-09-02,15358.4697265625,15380.0703125,15285.349609375,15331.1796875,4050510000,0.0,0.0,44.166666666666664,fear
2021-09-03,15313.41015625,15375.5595703125,15283.669921875,15363.51953125,3706990000,0.0,0.0,44.06666666666666,fear
2021-09-07,15375.98046875,15403.4404296875,15343.2802734375,15374.330078125,4014250000,0.0,0.0,41.7,fear
2021-09-08,15360.349609375,15360.349609375,15206.6103515625,15286.6396484375,4131560000,0.0,0.0,38.56666666666667,fear
2021-09-09,15296.0595703125,15352.3798828125,15245.169921875,15248.25,4031140000,0.0,0.0,33.800000000000004,fear
2021-09-10,15332.919921875,15349.4697265625,15111.3095703125,15115.490234375,4587150000,0.0,0.0,20.600000000000005,extreme fear
2021-09-13,15211.4296875,15215.4404296875,15030.849609375,15105.580078125,4723370000,0.0,0.0,28.266666666666666,fear
2021-09-14,15168.4501953125,15181.1904296875,15008.2998046875,15037.759765625,4593140000,0.0,0.0,24.8,extreme fear
2021-09-15,15071.33984375,15174.3798828125,14984.6796875,15161.5302734375,4465140000,0.0,0.0,31.200000000000003,fear
2021-09-16,15120.08984375,15205.5,15047.1396484375,15181.919921875,3701500000,0.0,0.0,31.500000000000004,fear
2021-09-17,15163.3603515625,15166.5595703125,14998.73046875,15043.9697265625,6709540000,0.0,0.0,17.933333333333337,extreme fear
2021-09-20,14758.1396484375,14841.8203125,14530.0703125,14713.900390625,4879490000,0.0,0.0,11.100000000000001,extreme fear
2021-09-21,14803.3603515625,14847.0302734375,14696.4697265625,14746.400390625,4083010000,0.0,0.0,11.449999999999998,extreme fear
2021-09-22,14800.58984375,14950.1201171875,14767.009765625,14896.849609375,4252490000,0.0,0.0,20.033333333333335,extreme fear
2021-09-23,14960.0,15085.4404296875,14932.509765625,15052.240234375,4196130000,0.0,0.0,24.5,extreme fear
2021-09-24,14961.6103515625,15067.5595703125,14946.5703125,15047.7001953125,3992150000,0.0,0.0,23.83333333333334,extreme fear
2021-09-27,14954.1796875,15003.16015625,14864.9599609375,14969.9697265625,4650790000,0.0,0.0,24.766666666666666,extreme fear
2021-09-28,14787.2099609375,14817.740234375,14539.8798828125,14546.6796875,4989510000,0.0,0.0,12.466666666666669,extreme fear
2021-09-29,14614.8798828125,14676.6201171875,14493.669921875,14512.4404296875,5294600000,0.0,0.0,12.483333333333334,extreme fear
2021-09-30,14582.599609375,14632.3603515625,14444.2998046875,14448.580078125,5950950000,0.0,0.0,9.966666666666667,extreme fear
2021-10-01,14494.9296875,14606.8203125,14324.009765625,14566.7001953125,4710720000,0.0,0.0,18.333333333333332,extreme fear
2021-10-04,14493.1201171875,14499.740234375,14181.6904296875,14255.48046875,4557110000,0.0,0.0,9.500000000000002,extreme fear
2021-10-05,14312.8603515625,14508.650390625,14299.7802734375,14433.830078125,4176390000,0.0,0.0,18.766666666666666,extreme fear
2021-10-06,14289.4501953125,14509.5498046875,14259.0703125,14501.91015625,4465910000,0.0,0.0,20.066666666666666,extreme fear
2021-10-07,14631.7998046875,14755.7197265625,14615.1396484375,14654.01953125,3984180000,0.0,0.0,24.600000000000005,extreme fear
2021-10-08,14694.7197265625,14699.91015625,14569.6796875,14579.5400390625,3571380000,0.0,0.0,25.26666666666667,fear
2021-10-11,14540.080078125,14665.990234375,14482.6201171875,14486.2001953125,3539540000,0.0,0.0,25.900000000000002,fear
2021-10-12,14539.08984375,14552.7099609375,14441.599609375,14465.919921875,4063830000,0.0,0.0,22.7,extreme fear
2021-10-13,14537.169921875,14589.2802734375,14471.8798828125,14571.6396484375,4053580000,0.0,0.0,24.100000000000005,extreme fear
2021-10-14,14717.5,14827.5595703125,14699.51953125,14823.4296875,4262400000,0.0,0.0,31.833333333333332,fear
2021-10-15,14891.240234375,14904.98046875,14847.9599609375,14897.33984375,4494440000,0.0,0.0,43.63333333333333,fear
2021-10-18,14839.740234375,15026.6796875,14833.2802734375,15021.8095703125,4167740000,0.0,0.0,46.56666666666666,neutral
2021-10-19,15073.1298828125,15137.849609375,15049.73046875,15129.08984375,4483400000,0.0,0.0,53.400000000000006,neutral
2021-10-20,15160.0,15178.3896484375,15071.150390625,15121.6796875,4117050000,0.0,0.0,56.56666666666667,greed
2021-10-21,15104.7998046875,15222.25,15094.1396484375,15215.7001953125,4961860000,0.0,0.0,60.199999999999996,greed
2021-10-22,15158.0703125,15193.009765625,15021.01953125,15090.2001953125,5775770000,0.0,0.0,59.5,greed
2021-10-25,15142.919921875,15259.6298828125,15070.75,15226.7099609375,5750200000,0.0,0.0,62.96666666666667,greed
2021-10-26,15317.5,15384.0,15198.23046875,15235.7099609375,7173230000,0.0,0.0,63.03333333333334,greed
2021-10-27,15276.0,15364.5400390625,15235.83984375,15235.83984375,6130110000,0.0,0.0,58.333333333333336,greed
2021-10-28,15304.740234375,15452.2998046875,15290.3095703125,15448.1201171875,5714890000,0.0,0.0,64.4,greed
2021-10-29,15323.2900390625,15504.1201171875,15323.2900390625,15498.3896484375,5338290000,0.0,0.0,65.43333333333334,greed
2021-11-01,15541.259765625,15598.9501953125,15470.8203125,15595.919921875,5273950000,0.0,0.0,66.13333333333334,greed
2021-11-02,15583.98046875,15656.599609375,15569.26953125,15649.599609375,5129370000,0.0,0.0,68.26666666666667,greed
2021-11-03,15658.51953125,15821.5703125,15616.4404296875,15811.580078125,5325110000,0.0,0.0,72.2,greed
2021-11-04,15849.740234375,15966.08984375,15827.66015625,15940.3095703125,5297250000,0.0,0.0,72.43333333333334,greed
2021-11-05,16003.5595703125,16053.3896484375,15900.7802734375,15971.58984375,5566400000,0.0,0.0,73.60000000000001,greed
2021-11-08,15995.7197265625,16038.23046875,15961.8095703125,15982.3603515625,5723650000,0.0,0.0,74.53333333333335,greed
2021-11-09,16024.1298828125,16035.2099609375,15836.6796875,15886.5400390625,5574660000,0.0,0.0,77.17142857142858,extreme greed
2021-11-10,15753.83984375,15867.240234375,15543.6796875,15622.7099609375,5369110000,0.0,0.0,73.08571428571429,greed
2021-11-11,15752.080078125,15768.0302734375,15695.76953125,15704.2802734375,4570460000,0.0,0.0,72.22857142857143,greed
2021-11-12,15752.6201171875,15874.5703125,15705.3798828125,15860.9599609375,5446540000,0.0,0.0,74.0,greed
2021-11-15,15894.8203125,15918.4501953125,15778.3095703125,15853.849609375,5020180000,0.0,0.0,71.62857142857145,greed
2021-11-16,15840.3203125,15989.6103515625,15825.0,15973.8603515625,5533020000,0.0,0.0,72.48571428571428,greed
2021-11-17,15973.6201171875,15998.5703125,15909.3896484375,15921.5703125,5049320000,0.0,0.0,69.2,greed
2021-11-18,15973.3896484375,16010.8798828125,15848.830078125,15993.7099609375,5391360000,0.0,0.0,70.14285714285715,greed
2021-11-19,16042.16015625,16121.1201171875,16017.23046875,16057.4404296875,4875310000,0.0,0.0,62.77142857142859,greed
2021-11-22,16120.919921875,16212.23046875,15851.0400390625,15854.759765625,5567830000,0.0,0.0,60.0,greed
2021-11-23,15809.5,15895.8603515625,15601.4599609375,15775.1396484375,5434380000,0.0,0.0,60.371428571428574,greed
2021-11-24,15677.8798828125,15848.5595703125,15591.3603515625,15845.23046875,4197090000,0.0,0.0,56.94285714285714,greed
2021-11-26,15664.3798828125,15731.5400390625,15456.08984375,15491.66015625,3502170000,0.0,0.0,31.25714285714286,fear
2021-11-29,15719.419921875,15833.1103515625,15644.6103515625,15782.830078125,4836230000,0.0,0.0,38.114285714285714,fear
2021-11-30,15716.5,15828.2001953125,15451.3896484375,15537.6904296875,6631470000,0.0,0.0,24.771428571428572,extreme fear
2021-12-01,15752.26953125,15816.8203125,15243.9296875,15254.0498046875,6320260000,0.0,0.0,25.357142857142858,fear
2021-12-02,15181.8203125,15444.5400390625,15150.1201171875,15381.3203125,5418340000,0.0,0.0,22.928571428571427,extreme fear
2021-12-03,15428.7099609375,15470.3603515625,14931.0595703125,15085.4697265625,5900290000,0.0,0.0,20.157142857142862,extreme fear
2021-12-06,15117.6298828125,15281.990234375,14931.6103515625,15225.150390625,5115230000,0.0,0.0,21.25714285714286,extreme fear
2021-12-07,15510.91015625,15720.08984375,15507.66015625,15686.919921875,5116490000,0.0,0.0,37.88571428571429,fear
2021-12-08,15690.650390625,15792.6396484375,15618.8798828125,15786.990234375,4615390000,0.0,0.0,41.314285714285724,fear
2021-12-09,15720.5400390625,15796.0498046875,15511.1201171875,15517.3701171875,4515600000,0.0,0.0,36.85714285714287,fear
2021-12-10,15629.58984375,15677.599609375,15477.849609375,15630.599609375,4426210000,0.0,0.0,42.0,fear
2021-12-13,15621.26953125,15637.0595703125,15408.25,15413.2802734375,4573920000,0.0,0.0,35.4,fear
2021-12-14,15215.9599609375,15317.5498046875,15097.349609375,15237.6396484375,4865990000,0.0,0.0,31.542857142857144,fear
2021-12-15,15230.7099609375,15575.759765625,15055.23046875,15565.580078125,5343920000,0.0,0.0,37.800000000000004,fear
2021-12-16,15629.080078125,15633.1904296875,15119.490234375,15180.4296875,4906480000,0.0,0.0,33.57142857142858,fear
2021-12-17,15036.76953125,15288.7802734375,14960.3701171875,15169.6796875,7668770000,0.0,0.0,32.51428571428572,fear
2021-12-20,14933.0,15007.2998046875,14860.0400390625,14980.9404296875,4602640000,0.0,0.0,29.428571428571427,fear
2021-12-21,15140.4296875,15349.0595703125,15015.0302734375,15341.08984375,4581720000,0.0,0.0,34.028571428571425,fear
2021-12-22,15319.16015625,15525.9697265625,15303.0595703125,15521.8896484375,4107900000,0.0,0.0,39.542857142857144,fear
2021-12-23,15544.7900390625,15697.98046875,15528.91015625,15653.3701171875,3935010000,0.0,0.0,50.48571428571428,neutral
2021-12-27,15696.830078125,15871.400390625,15696.830078125,15871.259765625,3743920000,0.0,0.0,56.39999999999999,greed
2021-12-28,15895.2001953125,15901.4697265625,15757.0703125,15781.7197265625,3648500000,0.0,0.0,62.971428571428575,greed
2021-12-29,15794.919921875,15821.8095703125,15679.849609375,15766.2197265625,3714380000,0.0,0.0,64.02857142857144,greed
2021-12-30,15758.98046875,15868.08984375,15729.16015625,15741.5595703125,3750920000,0.0,0.0,63.97142857142858,greed
2021-12-31,15722.91015625,15777.4296875,15643.9404296875,15644.9697265625,3392580000,0.0,0.0,62.54285714285715,greed
2022-01-03,15732.5,15832.7998046875,15644.08984375,15832.7998046875,4429960000,0.0,0.0,65.22857142857144,greed
2022-01-04,15852.1396484375,15852.1396484375,15512.41015625,15622.7197265625,5131110000,0.0,0.0,64.25714285714285,greed
2022-01-05,15547.16015625,15586.2998046875,15095.1796875,15100.169921875,5031850000,0.0,0.0,51.02857142857143,neutral
2022-01-06,15024.150390625,15198.4501953125,14914.8701171875,15080.8603515625,4790820000,0.0,0.0,52.142857142857146,neutral
2022-01-07,15095.7197265625,15171.01953125,14877.6298828125,14935.900390625,4238070000,0.0,0.0,49.25714285714287,neutral
2022-01-10,14751.7802734375,14953.849609375,14530.23046875,14942.830078125,5317180000,0.0,0.0,51.142857142857146,neutral
2022-01-11,14919.259765625,15158.7099609375,14837.6298828125,15153.4501953125,4390710000,0.0,0.0,56.114285714285714,greed
2022-01-12,15263.099609375,15319.0302734375,15117.2900390625,15188.3896484375,4338530000,0.0,0.0,55.94285714285714,greed
2022-01-13,15245.0400390625,15259.7099609375,14782.240234375,14806.8095703125,4302020000,0.0,0.0,52.17142857142857,neutral
2022-01-14,14708.01953125,14897.6796875,14689.4296875,14893.75,4374020000,0.0,0.0,55.800000000000004,greed
2022-01-18,14681.830078125,14740.5400390625,14482.9404296875,14506.900390625,5060790000,0.0,0.0,53.714285714285715,neutral
2022-01-19,14582.2197265625,14658.8896484375,14331.650390625,14340.259765625,4665340000,0.0,0.0,44.82857142857143,fear
2022-01-20,14462.849609375,14642.0302734375,14140.7802734375,14154.01953125,5102050000,0.0,0.0,39.142857142857146,fear
2022-01-21,14046.2197265625,14171.7197265625,13764.240234375,13768.919921875,5870830000,0.0,0.0,26.728571428571428,fear
2022-01-24,13481.5,13876.6103515625,13094.650390625,13855.1298828125,6998770000,0.0,0.0,23.128571428571433,extreme fear
2022-01-25,13610.8701171875,13781.6201171875,13414.1396484375,13539.2900390625,5019380000,0.0,0.0,20.88571428571429,extreme fear
2022-01-26,13871.76953125,14002.650390625,13392.1904296875,13542.1201171875,5771140000,0.0,0.0,19.514285714285716,extreme fear
2022-01-27,13710.990234375,13765.91015625,13322.66015625,13352.7802734375,5177380000,0.0,0.0,18.6,extreme fear
2022-01-28,13436.7099609375,13771.91015625,13236.5595703125,13770.5703125,4971930000,0.0,0.0,23.857142857142858,extreme fear
2022-01-31,13812.1904296875,14242.900390625,13767.7099609375,14239.8798828125,5124940000,0.0,0.0,29.200000000000006,fear
2022-02-01,14277.4296875,14358.6904296875,14070.76953125,14346.0,4671850000,0.0,0.0,30.800000000000004,fear
2022-02-02,14494.4697265625,14504.8203125,14264.650390625,14417.5498046875,4673140000,0.0,0.0,28.800000000000004,fear
2022-02-03,14045.830078125,14207.8896484375,13851.740234375,13878.8203125,4326300000,0.0,0.0,26.057142857142857,fear
2022-02-04,13958.48046875,14222.759765625,13850.3896484375,14098.009765625,4121340000,0.0,0.0,27.6,fear
2022-02-07,14118.7900390625,14236.3095703125,13974.099609375,14015.669921875,4268730000,0.0,0.0,27.914285714285715,fear
2022-02-08,13984.4296875,14226.48046875,13934.7802734375,14194.4501953125,4293770000,0.0,0.0,28.942857142857143,fear
2022-02-09,14368.16015625,14490.7197265625,14330.8701171875,14490.3701171875,4729730000,0.0,0.0,32.65714285714286,fear
2022-02-10,14228.6796875,14509.5595703125,14118.2001953125,14185.6396484375,5212510000,0.0,0.0,33.6,fear
2022-02-11,14213.6201171875,14246.7001953125,13733.16015625,13791.150390625,5237320000,0.0,0.0,28.48571428571429,fear
2022-02-14,13768.9697265625,13921.7099609375,13664.759765625,13790.919921875,4347350000,0.0,0.0,25.685714285714287,fear
2022-02-15,13997.1796875,14142.490234375,13976.2900390625,14139.759765625,4416840000,0.0,0.0,29.97142857142857,fear
2022-02-16,14038.919921875,14163.73046875,13931.990234375,14124.08984375,4238560000,0.0,0.0,32.08571428571428,fear
2022-02-17,14004.1904296875,14020.8203125,13704.7001953125,13716.7197265625,4278370000,0.0,0.0,32.457142857142856,fear
2022-02-18,13735.400390625,13762.400390625,13465.5595703125,13548.0703125,4501940000,0.0,0.0,29.514285714285716,fear
2022-02-22,13424.3603515625,13618.7197265625,13249.650390625,13381.51953125,4849170000,0.0,0.0,28.771428571428572,fear
2022-02-23,13511.75,13533.7802734375,13032.169921875,13037.490234375,4639330000,0.0,0.0,18.814285714285713,extreme fear
2022-02-24,12587.8798828125,13486.1103515625,12587.8798828125,13473.58984375,6180200000,0.0,0.0,21.228571428571428,extreme fear
2022-02-25,13485.259765625,13696.8603515625,13358.2900390625,13694.6201171875,4628720000,0.0,0.0,28.142857142857142,fear
2022-02-28,13570.830078125,13810.6396484375,13549.900390625,13751.400390625,5928130000,0.0,0.0,25.47142857142857,fear
2022-03-01,13716.7001953125,13777.0400390625,13441.3203125,13532.4599609375,6131350000,0.0,0.0,22.97142857142857,extreme fear
2022-03-02,13597.5302734375,13796.5498046875,13493.91015625,13752.01953125,5246390000,0.0,0.0,17.82857142857143,extreme fear
2022-03-03,13837.58984375,13837.58984375,13472.6396484375,13537.9404296875,5092580000,0.0,0.0,21.72857142857143,extreme fear
2022-03-04,13455.23046875,13486.7099609375,13224.98046875,13313.4404296875,5343900000,0.0,0.0,18.17142857142857,extreme fear
2022-03-07,13328.3603515625,13353.2802734375,12828.01953125,12830.9599609375,6195370000,0.0,0.0,16.9,extreme fear
2022-03-08,12800.0400390625,13159.4404296875,12670.080078125,12795.5498046875,6683960000,0.0,0.0,16.67142857142857,extreme fear
2022-03-09,13113.7001953125,13301.16015625,13039.7900390625,13255.5498046875,5396550000,0.0,0.0,18.028571428571432,extreme fear
2022-03-10,13098.349609375,13163.5,12946.2802734375,13129.9599609375,5071250000,0.0,0.0,17.95714285714286,extreme fear
2022-03-11,13229.76953125,13239.349609375,12830.3701171875,12843.8095703125,5288210000,0.0,0.0,19.057142857142857,extreme fear
2022-03-14,12795.1201171875,12918.009765625,12555.349609375,12581.2197265625,5876710000,0.0,0.0,17.5,extreme fear
2022-03-15,12685.23046875,12973.8798828125,12616.58984375,12948.6201171875,5440100000,0.0,0.0,21.857142857142858,extreme fear
2022-03-16,13119.3701171875,13440.1201171875,12992.2001953125,13436.5498046875,6552210000,0.0,0.0,25.25714285714286,fear
2022-03-17,13360.7197265625,13620.7998046875,13317.1396484375,13614.7802734375,5612090000,0.0,0.0,33.62857142857143,fear
2022-03-18,13564.6298828125,13899.2802734375,13528.0595703125,13893.83984375,8149290000,0.0,0.0,38.42857142857143,fear
2022-03-21,13860.3896484375,13945.8095703125,13682.5498046875,13838.4599609375,5673940000,0.0,0.0,40.971428571428575,fear
2022-03-22,13866.4296875,14141.0703125,13857.2900390625,14108.8203125,5445100000,0.0,0.0,44.542857142857144,fear
2022-03-23,13990.349609375,14152.1396484375,13921.650390625,13922.599609375,5024230000,0.0,0.0,45.199999999999996,neutral
2022-03-24,14001.3203125,14193.5498046875,13897.2001953125,14191.83984375,5149520000,0.0,0.0,46.91428571428571,neutral
2022-03-25,14194.7197265625,14218.759765625,14010.7900390625,14169.2998046875,5585100000,0.0,0.0,49.371428571428574,neutral
2022-03-28,14177.2099609375,14356.0,14101.33984375,14354.900390625,5129500000,0.0,0.0,51.25714285714286,neutral
2022-03-29,14500.3896484375,14646.900390625,14419.400390625,14619.6396484375,6060890000,0.0,0.0,52.714285714285715,neutral
2022-03-30,14558.58984375,14609.25,14383.4501953125,14442.26953125,5479200000,0.0,0.0,52.800000000000004,neutral
2022-03-31,14444.7802734375,14456.740234375,14217.7197265625,14220.51953125,5453890000,0.0,0.0,59.199999999999996,greed
2022-04-01,14269.5302734375,14306.9404296875,14131.8095703125,14261.5,5002790000,0.0,0.0,59.800000000000004,greed
2022-04-04,14304.349609375,14534.3798828125,14286.4501953125,14532.5498046875,4630100000,0.0,0.0,61.65714285714286,greed
2022-04-05,14490.259765625,14500.2900390625,14169.1201171875,14204.169921875,4727710000,0.0,0.0,47.91428571428571,neutral
2022-04-06,14002.580078125,14032.83984375,13788.900390625,13888.8203125,5360420000,0.0,0.0,46.4,neutral
2022-04-07,13861.490234375,13978.25,13689.23046875,13897.2998046875,4856090000,0.0,0.0,46.82857142857142,neutral
2022-04-08,13830.4697265625,13866.0595703125,13693.6904296875,13711.0,4574080000,0.0,0.0,46.08571428571429,neutral
2022-04-11,13547.2900390625,13585.080078125,13401.3896484375,13411.9599609375,4946680000,0.0,0.0,43.4,fear
2022-04-12,13584.6904296875,13685.9501953125,13317.740234375,13371.5703125,4991720000,0.0,0.0,42.05714285714286,fear
2022-04-13,13373.1201171875,13679.4296875,13353.66015625,13643.58984375,4909720000,0.0,0.0,41.800000000000004,fear
2022-04-14,13647.4296875,13662.9296875,13345.2197265625,13351.080078125,4642240000,0.0,0.0,39.857142857142854,fear
2022-04-18,13319.3896484375,13414.26953125,13222.0302734375,13332.3603515625,4365230000,0.0,0.0,37.6,fear
2022-04-19,13312.4404296875,13643.9697265625,13281.2197265625,13619.66015625,4562840000,0.0,0.0,39.628571428571426,fear
2022-04-20,13665.3798828125,13678.5498046875,13426.1298828125,13453.0703125,4678930000,0.0,0.0,43.31428571428571,fear
2022-04-21,13623.7001953125,13710.7001953125,13140.830078125,13174.650390625,5233110000,0.0,0.0,38.94285714285714,fear
2022-04-22,13168.7998046875,13212.599609375,12828.01953125,12839.2900390625,4475090000,0.0,0.0,31.62857142857143,fear
2022-04-25,12749.169921875,13011.4501953125,12722.58984375,13004.849609375,4845160000,0.0,0.0,29.97142857142857,fear
2022-04-26,12918.0400390625,12918.0400390625,12490.740234375,12490.740234375,5168160000,0.0,0.0,17.900000000000002,extreme fear
2022-04-27,12500.8798828125,12703.7900390625,12430.900390625,12488.9296875,4810720000,0.0,0.0,16.271428571428572,extreme fear
2022-04-28,12712.8603515625,12948.51953125,12487.8603515625,12871.5302734375,5067150000,0.0,0.0,24.25714285714286,extreme fear
2022-04-29,12710.419921875,12861.830078125,12315.740234375,12334.6396484375,4733070000,0.0,0.0,14.328571428571427,extreme fear
2022-05-02,12331.6904296875,12542.5400390625,12202.41015625,12536.01953125,4918240000,0.0,0.0,13.27142857142857,extreme fear
2022-05-03,12511.4599609375,12645.830078125,12460.990234375,12563.759765625,4547280000,0.0,0.0,30.485714285714288,fear
2022-05-04,12574.73046875,12985.009765625,12367.01953125,12964.8603515625,5498050000,0.0,0.0,22.400000000000002,extreme fear
2022-05-05,12787.51953125,12787.51953125,12183.5595703125,12317.6904296875,5308920000,0.0,0.0,13.128571428571432,extreme fear
2022-05-06,12246.830078125,12358.419921875,11990.150390625,12144.66015625,5324480000,0.0,0.0,12.242857142857146,extreme fear
2022-05-09,11923.0302734375,11990.6103515625,11574.9404296875,11623.25,5939140000,0.0,0.0,8.185714285714285,extreme fear
2022-05-10,11900.33984375,11944.9404296875,11566.2802734375,11737.669921875,6218260000,0.0,0.0,7.4,extreme fear
2022-05-11,11645.5703125,11844.509765625,11339.1796875,11364.240234375,6152370000,0.0,0.0,4.028571428571429,extreme fear
2022-05-12,11199.25,11547.330078125,11108.759765625,11370.9599609375,6679470000,0.0,0.0,3.2,extreme fear
2022-05-13,11555.9697265625,11856.7099609375,11510.259765625,11805.0,5894020000,0.0,0.0,11.285714285714286,extreme fear
2022-05-16,11727.1396484375,11804.58984375,11627.5302734375,11662.7900390625,4930250000,0.0,0.0,11.742857142857144,extreme fear
2022-05-17,11905.5703125,11988.4296875,11754.2802734375,11984.51953125,5093960000,0.0,0.0,15.200000000000001,extreme fear
2022-05-18,11790.6796875,11826.2197265625,11381.6904296875,11418.150390625,5064120000,0.0,0.0,6.6,extreme fear
2022-05-19,11364.400390625,11562.8203125,11313.3095703125,11388.5,5154410000,0.0,0.0,13.714285714285714,extreme fear
2022-05-20,11542.669921875,11552.2099609375,11035.6904296875,11354.6201171875,5434370000,0.0,0.0,12.657142857142858,extreme fear
2022-05-23,11396.2802734375,11552.0703125,11304.5595703125,11535.26953125,4552200000,0.0,0.0,17.885714285714283,extreme fear
2022-05-24,11326.4404296875,11351.6103515625,11092.48046875,11264.4501953125,4724430000,0.0,0.0,16.0,extreme fear
2022-05-25,11225.0302734375,11511.900390625,11211.849609375,11434.740234375,4519690000,0.0,0.0,17.571428571428573,extreme fear
2022-05-26,11409.83984375,11796.9697265625,11406.16015625,11740.650390625,4672620000,0.0,0.0,24.114285714285717,extreme fear
2022-05-27,11869.6904296875,12131.66015625,11856.8203125,12131.1298828125,4793900000,0.0,0.0,29.542857142857144,fear
2022-05-31,12137.5400390625,12190.080078125,11942.5,12081.3896484375,6045500000,0.0,0.0,40.057142857142864,fear
2022-06-01,12176.8896484375,12237.9404296875,11901.4296875,11994.4599609375,4719900000,0.0,0.0,40.60000000000001,fear
2022-06-02,11945.5703125,12320.1201171875,11901.4501953125,12316.900390625,4445840000,0.0,0.0,44.82857142857143,fear
2022-06-03,12097.1201171875,12167.4404296875,11966.6201171875,12012.73046875,4130040000,0.0,0.0,35.45714285714286,fear
2022-06-06,12200.330078125,12245.400390625,12004.2001953125,12061.3701171875,4647010000,0.0,0.0,42.800000000000004,fear
2022-06-07,11925.8095703125,12194.8603515625,11888.6103515625,12175.23046875,4411240000,0.0,0.0,45.62857142857143,neutral
2022-06-08,12147.2802734375,12235.7802734375,12052.7001953125,12086.26953125,4708980000,0.0,0.0,48.11428571428571,neutral
2022-06-09,12016.4697265625,12115.0595703125,11751.98046875,11754.23046875,5408460000,0.0,0.0,47.05714285714286,neutral
2022-06-10,11543.8798828125,11569.150390625,11328.26953125,11340.01953125,5152020000,0.0,0.0,40.00000000000001,fear
2022-06-13,10986.849609375,11071.48046875,10775.1396484375,10809.23046875,5937320000,0.0,0.0,25.085714285714293,fear
2022-06-14,10897.4296875,10926.8095703125,10733.0400390625,10828.349609375,4819890000,0.0,0.0,20.528571428571432,extreme fear
2022-06-15,10968.400390625,11244.259765625,10866.3896484375,11099.150390625,5368500000,0.0,0.0,29.25714285714286,fear
2022-06-16,10806.01953125,10831.0703125,10565.1396484375,10646.099609375,5696630000,0.0,0.0,17.700000000000003,extreme fear
2022-06-17,10697.5498046875,10884.7099609375,10638.7197265625,10798.349609375,7452830000,0.0,0.0,16.92857142857143,extreme fear
2022-06-21,10974.0498046875,11164.990234375,10974.0498046875,11069.2998046875,5226260000,0.0,0.0,19.728571428571428,extreme fear
2022-06-22,10941.9501953125,11216.76953125,10938.0595703125,11053.080078125,5238180000,0.0,0.0,26.885714285714283,fear
2022-06-23,11137.6796875,11260.26953125,11046.2802734375,11232.1904296875,5258200000,0.0,0.0,26.742857142857144,fear
2022-06-24,11351.3095703125,11613.23046875,11337.7802734375,11607.6201171875,9468130000,0.0,0.0,30.85714285714286,fear
2022-06-27,11661.01953125,11677.490234375,11487.0703125,11524.5498046875,5047860000,0.0,0.0,30.771428571428572,fear
2022-06-28,11542.240234375,11635.849609375,11177.6796875,11181.5400390625,5433220000,0.0,0.0,28.142857142857142,fear
2022-06-29,11160.2197265625,11226.330078125,11072.1904296875,11177.8896484375,5650860000,0.0,0.0,26.542857142857144,fear
2022-06-30,11048.25,11160.919921875,10850.009765625,11028.740234375,5654520000,0.0,0.0,24.371428571428574,extreme fear
2022-07-01,11006.830078125,11132.5498046875,10922.7099609375,11127.849609375,4865730000,0.0,0.0,24.571428571428573,extreme fear
2022-07-05,10964.1796875,11323.8896484375,10911.4501953125,11322.240234375,5053570000,0.0,0.0,22.171428571428574,extreme fear
2022-07-06,11337.900390625,11443.150390625,11250.3203125,11361.849609375,4851170000,0.0,0.0,22.828571428571426,extreme fear
2022-07-07,11422.599609375,11644.4697265625,11412.8798828125,11621.349609375,4685050000,0.0,0.0,27.599999999999998,fear
2022-07-08,11503.6103515625,11689.7001953125,11479.76953125,11635.3095703125,4526570000,0.0,0.0,31.342857142857145,fear
2022-07-11,11524.490234375,11541.099609375,11348.0595703125,11372.599609375,4362910000,0.0,0.0,30.37142857142857,fear
2022-07-12,11420.8896484375,11483.169921875,11207.080078125,11264.73046875,4317860000,0.0,0.0,30.314285714285713,fear
2022-07-13,11056.5498046875,11325.669921875,11031.26953125,11247.580078125,4433060000,0.0,0.0,27.28571428571428,fear
2022-07-14,11151.2099609375,11279.9697265625,11005.9296875,11251.1904296875,4481070000,0.0,0.0,26.514285714285716,fear
2022-07-15,11379.3603515625,11454.6904296875,11295.330078125,11452.419921875,4369060000,0.0,0.0,33.285714285714285,fear
2022-07-18,11561.6396484375,11629.0302734375,11322.83984375,11360.0498046875,5057920000,0.0,0.0,35.885714285714286,fear
2022-07-19,11515.0,11721.2197265625,11448.9697265625,11713.150390625,5302740000,0.0,0.0,39.31428571428571,fear
2022-07-20,11726.08984375,11939.9599609375,11703.3603515625,11897.650390625,5467080000,0.0,0.0,44.08571428571429,fear
2022-07-21,11914.150390625,12060.58984375,11812.7197265625,12059.6103515625,4680930000,0.0,0.0,48.199999999999996,neutral
2022-07-22,12025.3701171875,12093.01953125,11767.1904296875,11834.1103515625,4721880000,0.0,0.0,42.42857142857143,fear
2022-07-25,11837.9599609375,11855.1103515625,11707.5302734375,11782.669921875,4346520000,0.0,0.0,42.2,fear
2022-07-26,11701.5302734375,11711.3095703125,11533.3701171875,11562.5703125,4349760000,0.0,0.0,42.0,fear
2022-07-27,11756.1904296875,12081.73046875,11718.3798828125,12032.419921875,4588480000,0.0,0.0,46.628571428571426,neutral
2022-07-28,12036.48046875,12179.08984375,11886.669921875,12162.58984375,4924950000,0.0,0.0,48.48571428571429,neutral
2022-07-29,12239.6904296875,12426.259765625,12181.1298828125,12390.6904296875,4907410000,0.0,0.0,52.4,neutral
2022-08-01,12317.9599609375,12499.7197265625,12271.98046875,12368.98046875,4396390000,0.0,0.0,59.08571428571429,greed
2022-08-02,12287.669921875,12503.33984375,12260.48046875,12348.759765625,4792140000,0.0,0.0,57.371428571428574,greed
2022-08-03,12433.8701171875,12699.6396484375,12425.2099609375,12668.16015625,5667990000,0.0,0.0,60.25714285714286,greed
2022-08-04,12675.0400390625,12736.1904296875,12600.7802734375,12720.580078125,5451470000,0.0,0.0,61.51428571428571,greed
2022-08-05,12538.7998046875,12720.4404296875,12525.76953125,12657.5498046875,4911300000,0.0,0.0,63.314285714285724,greed
2022-08-08,12703.7197265625,12855.150390625,12597.75,12644.4599609375,5238600000,0.0,0.0,64.74285714285715,greed
2022-08-09,12557.490234375,12582.91015625,12438.8603515625,12493.9296875,5307340000,0.0,0.0,64.45714285714286,greed
2022-08-10,12793.4404296875,12861.4404296875,12698.6103515625,12854.7998046875,5196210000,0.0,0.0,65.11428571428571,greed
2022-08-11,12944.8203125,13026.240234375,12760.08984375,12779.91015625,5815960000,0.0,0.0,65.82857142857144,greed
2022-08-12,12866.3095703125,13047.1904296875,12821.2197265625,13047.1904296875,4782610000,0.0,0.0,68.02857142857144,greed
2022-08-15,12996.6298828125,13146.0595703125,12993.7802734375,13128.0498046875,4476040000,0.0,0.0,66.82857142857144,greed
2022-08-16,13082.6396484375,13181.08984375,12979.240234375,13102.5498046875,5028410000,0.0,0.0,67.94285714285715,greed
2022-08-17,12968.6298828125,13053.509765625,12863.009765625,12938.1201171875,5229520000,0.0,0.0,67.14285714285715,greed
2022-08-18,12937.7900390625,13002.66015625,12873.490234375,12965.33984375,4724350000,0.0,0.0,66.37142857142858,greed
2022-08-19,12832.26953125,12859.009765625,12674.8701171875,12705.2197265625,4628170000,0.0,0.0,63.714285714285715,greed
2022-08-22,12523.16015625,12538.5498046875,12353.73046875,12381.5703125,4270980000,0.0,0.0,60.314285714285724,greed
2022-08-23,12380.3701171875,12490.849609375,12352.0302734375,12381.2998046875,3836180000,0.0,0.0,57.42857142857144,greed
2022-08-24,12375.150390625,12504.330078125,12350.16015625,12431.5302734375,3917170000,0.0,0.0,57.51428571428571,greed
2022-08-25,12506.3701171875,12641.259765625,12471.98046875,12639.26953125,4323470000,0.0,0.0,58.25714285714287,greed
2022-08-26,12630.580078125,12655.83984375,12141.51953125,12141.7099609375,4530000000,0.0,0.0,55.74285714285714,greed
2022-08-29,12021.0498046875,12124.8701171875,11981.419921875,12017.669921875,4209850000,0.0,0.0,54.285714285714285,neutral
2022-08-30,12093.0595703125,12101.849609375,11790.01953125,11883.1396484375,4681520000,0.0,0.0,49.800000000000004,neutral
2022-08-31,11972.5595703125,12027.4296875,11814.169921875,11816.2001953125,4952010000,0.0,0.0,52.08571428571429,neutral
2022-09-01,11707.4404296875,11798.3701171875,11546.51953125,11785.1298828125,4792890000,0.0,0.0,49.371428571428574,neutral
2022-09-02,11899.1396484375,11945.91015625,11573.509765625,11630.8603515625,4257410000,0.0,0.0,42.457142857142856,fear
2022-09-06,11643.0302734375,11679.4296875,11471.5,11544.91015625,4622940000,0.0,0.0,40.62857142857143,fear
2022-09-07,11559.3798828125,11819.0703125,11555.080078125,11791.900390625,4445640000,0.0,0.0,39.62857142857143,fear
2022-09-08,11679.8603515625,11896.73046875,11660.5302734375,11862.1298828125,4329910000,0.0,0.0,40.371428571428574,fear
2022-09-09,11958.6103515625,12132.669921875,11958.6103515625,12112.3095703125,4401590000,0.0,0.0,43.8,fear
2022-09-12,12174.9404296875,12270.1904296875,12169.2802734375,12266.41015625,4146680000,0.0,0.0,47.6,neutral
2022-09-13,11908.8095703125,11957.9697265625,11604.4296875,11633.5703125,5188380000,0.0,0.0,36.62857142857143,fear
2022-09-14,11680.41015625,11746.830078125,11602.759765625,11719.6796875,4861530000,0.0,0.0,41.885714285714286,fear
2022-09-15,11633.240234375,11760.73046875,11497.1103515625,11552.3603515625,4805910000,0.0,0.0,40.65714285714286,fear
2022-09-16,11401.2099609375,11460.4296875,11316.919921875,11448.400390625,7451840000,0.0,0.0,35.285714285714285,fear
2022-09-19,11338.5703125,11538.1298828125,11337.830078125,11535.01953125,4168670000,0.0,0.0,36.31428571428571,fear
2022-09-20,11440.1396484375,11520.990234375,11343.7197265625,11425.0498046875,4028100000,0.0,0.0,36.114285714285714,fear
2022-09-21,11466.2099609375,11613.5703125,11218.990234375,11220.1904296875,4471000000,0.0,0.0,27.21428571428571,fear
2022-09-22,11167.3798828125,11203.76953125,11024.6396484375,11066.8095703125,4916470000,0.0,0.0,24.48571428571429,extreme fear
2022-09-23,10952.6904296875,10958.2900390625,10732.7197265625,10867.9296875,5134350000,0.0,0.0,21.685714285714287,extreme fear
2022-09-26,10833.3798828125,11024.0,10789.0498046875,10802.919921875,4697730000,0.0,0.0,17.62857142857143,extreme fear
2022-09-27,10955.2900390625,11040.98046875,10741.01953125,10829.5,4445050000,0.0,0.0,16.514285714285716,extreme fear
2022-09-28,10817.51953125,11101.5,10776.33984375,11051.6396484375,4556100000,0.0,0.0,17.02857142857143,extreme fear
2022-09-29,10894.4404296875,10899.4697265625,10623.2197265625,10737.509765625,4516630000,0.0,0.0,13.257142857142858,extreme fear
2022-09-30,10697.7099609375,10883.0400390625,10572.330078125,10575.6201171875,4649710000,0.0,0.0,16.45714285714286,extreme fear
2022-10-03,10659.009765625,10875.4599609375,10577.8896484375,10815.4296875,4415440000,0.0,0.0,20.38571428571429,extreme fear
2022-10-04,11054.7197265625,11189.9599609375,11044.0400390625,11176.41015625,5004780000,0.0,0.0,27.88571428571429,fear
2022-10-05,11022.669921875,11210.3203125,10910.759765625,11148.6396484375,4091860000,0.0,0.0,29.714285714285715,fear
2022-10-06,11129.0400390625,11230.4404296875,11051.26953125,11073.3095703125,4423320000,0.0,0.0,23.142857142857142,extreme fear
2022-10-07,10877.2802734375,10891.9296875,10608.51953125,10652.400390625,4634190000,0.0,0.0,19.67142857142857,extreme fear
2022-10-10,10659.9501953125,10669.9296875,10449.0400390625,10542.099609375,3989640000,0.0,0.0,19.4,extreme fear
2022-10-11,10484.3701171875,10608.83984375,10351.98046875,10426.1904296875,4738840000,0.0,0.0,16.885714285714283,extreme fear
2022-10-12,10437.0,10494.5302734375,10372.2099609375,10417.099609375,4091030000,0.0,0.0,15.942857142857145,extreme fear
2022-10-13,10131.8203125,10697.7099609375,10088.830078125,10649.150390625,5300080000,0.0,0.0,19.37142857142857,extreme fear
2022-10-14,10742.8095703125,10766.6904296875,10308.8095703125,10321.3896484375,4393000000,0.0,0.0,16.45714285714286,extreme fear
2022-10-17,10575.650390625,10696.58984375,10569.6904296875,10675.7998046875,4439190000,0.0,0.0,23.400000000000002,extreme fear
2022-10-18,10963.990234375,10972.9697265625,10670.1201171875,10772.400390625,5047360000,0.0,0.0,28.800000000000004,fear
2022-10-19,10689.3095703125,10808.0400390625,10592.8798828125,10680.509765625,4955090000,0.0,0.0,29.428571428571427,fear
2022-10-20,10657.41015625,10837.2998046875,10574.5498046875,10614.83984375,4628010000,0.0,0.0,39.08571428571429,fear
2022-10-21,10576.0400390625,10875.7197265625,10542.4296875,10859.7197265625,4706440000,0.0,0.0,43.74285714285715,fear
2022-10-24,10867.0703125,10983.51953125,10713.330078125,10952.6103515625,4808710000,0.0,0.0,47.22857142857142,neutral
2022-10-25,10996.9697265625,11210.3798828125,10996.9697265625,11199.1201171875,5141760000,0.0,0.0,51.371428571428574,neutral
2022-10-26,10969.01953125,11205.83984375,10948.3798828125,10970.990234375,5224440000,0.0,0.0,53.800000000000004,neutral
2022-10-27,10971.9501953125,10998.73046875,10780.5,10792.669921875,4773520000,0.0,0.0,54.57142857142857,neutral
2022-10-28,10766.2001953125,11117.0400390625,10766.2001953125,11102.4501953125,4731940000,0.0,0.0,57.114285714285714,greed
2022-10-31,11028.4296875,11047.9404296875,10914.009765625,10988.150390625,4753740000,0.0,0.0,64.05714285714286,greed
2022-11-01,11154.740234375,11156.349609375,10881.1904296875,10890.849609375,4677520000,0.0,0.0,63.51428571428572,greed
2022-11-02,10885.009765625,10993.240234375,10522.900390625,10524.7998046875,5436420000,0.0,0.0,55.285714285714285,greed
2022-11-03,10399.4501953125,10486.009765625,10319.5400390625,10342.9404296875,5102190000,0.0,0.0,55.51428571428572,greed
2022-11-04,10548.1396484375,10553.6298828125,10262.9296875,10475.25,5453750000,0.0,0.0,56.51428571428572,greed
2022-11-07,10516.9404296875,10587.9599609375,10428.91015625,10564.51953125,4456690000,0.0,0.0,59.65714285714286,greed
2022-11-08,10611.5302734375,10745.6396484375,10472.73046875,10616.2001953125,5134500000,0.0,0.0,57.94285714285714,greed
2022-11-09,10528.4501953125,10564.9697265625,10344.009765625,10353.169921875,4977460000,0.0,0.0,54.0,neutral
2022-11-10,10869.169921875,11119.1201171875,10779.9501953125,11114.150390625,6433000000,0.0,0.0,60.34285714285714,greed
2022-11-11,11124.75,11352.4296875,11069.830078125,11323.330078125,5867750000,0.0,0.0,63.74285714285713,greed
2022-11-14,11233.900390625,11350.1201171875,11167.169921875,11196.2197265625,5004060000,0.0,0.0,62.68571428571429,greed
2022-11-15,11474.8203125,11492.6201171875,11241.150390625,11358.41015625,5617310000,0.0,0.0,66.91428571428573,greed
2022-11-16,11260.099609375,11286.099609375,11162.919921875,11183.66015625,4585190000,0.0,0.0,65.08571428571427,greed
2022-11-17,11008.669921875,11198.83984375,11006.2099609375,11144.9599609375,4354360000,0.0,0.0,61.48571428571429,greed
2022-11-18,11257.009765625,11259.4404296875,11059.16015625,11146.0595703125,4175420000,0.0,0.0,60.34285714285715,greed
2022-11-21,11091.009765625,11128.7802734375,10999.75,11024.509765625,3977130000,0.0,0.0,60.97142857142857,greed
2022-11-22,11058.5595703125,11179.8701171875,10975.66015625,11174.41015625,4186360000,0.0,0.0,60.8,greed
2022-11-23,11174.6103515625,11310.8203125,11174.6103515625,11285.3203125,4431530000,0.0,0.0,64.25714285714285,greed
2022-11-25,11231.0,11261.5703125,11206.3798828125,11226.3603515625,2184080000,0.0,0.0,63.08571428571429,greed
2022-11-28,11147.5703125,11217.75,11020.6904296875,11049.5,4271360000,0.0,0.0,59.74285714285715,greed
2022-11-29,11060.01953125,11086.01953125,10944.3701171875,10983.7802734375,4592830000,0.0,0.0,58.17142857142857,greed
2022-11-30,10995.2001953125,11468.4697265625,10966.5302734375,11468.0,6653460000,0.0,0.0,73.97142857142856,greed
2022-12-01,11475.169921875,11546.76953125,11378.75,11482.4501953125,5158120000,0.0,0.0,75.60000000000001,extreme greed
2022-12-02,11308.3798828125,11492.3203125,11296.7197265625,11461.5,4523010000,0.0,0.0,68.14285714285714,greed
2022-12-05,11380.990234375,11425.509765625,11193.01953125,11239.9404296875,4510030000,0.0,0.0,65.08571428571429,greed
2022-12-06,11228.419921875,11241.419921875,10956.2001953125,11014.8896484375,4713330000,0.0,0.0,61.828571428571436,greed
2022-12-07,10963.9501953125,11039.8095703125,10910.6201171875,10958.5498046875,4343860000,0.0,0.0,58.42857142857143,greed
2022-12-08,11011.330078125,11119.16015625,10939.4697265625,11082.0,4281800000,0.0,0.0,55.6857142857143,greed
2022-12-09,11038.169921875,11138.7001953125,10999.259765625,11004.6201171875,4337440000,0.0,0.0,52.08571428571428,neutral
2022-12-12,11015.48046875,11144.669921875,10984.8203125,11143.740234375,4829990000,0.0,0.0,57.199999999999996,greed
2022-12-13,11542.83984375,11571.6396484375,11160.5400390625,11256.8095703125,6126890000,0.0,0.0,59.17142857142858,greed
2022-12-14,11248.08984375,11352.08984375,11065.240234375,11170.8896484375,5485150000,0.0,0.0,60.94285714285714,greed
2022-12-15,11012.6201171875,11029.5703125,10775.6103515625,10810.5302734375,5536070000,0.0,0.0,60.142857142857146,greed
2022-12-16,10767.6298828125,10833.240234375,10642.099609375,10705.41015625,7968170000,0.0,0.0,44.142857142857146,fear
2022-12-19,10707.4404296875,10713.9697265625,10497.5498046875,10546.0302734375,4631820000,0.0,0.0,39.971428571428575,fear
2022-12-20,10490.8896484375,10609.4599609375,10446.8203125,10547.1103515625,4707190000,0.0,0.0,38.314285714285724,fear
2022-12-21,10592.0,10753.5703125,10569.2001953125,10709.3701171875,4401420000,0.0,0.0,38.542857142857144,fear
2022-12-22,10586.4599609375,10599.33984375,10313.3203125,10476.1201171875,5125070000,0.0,0.0,37.0,fear
2022-12-23,10437.75,10514.759765625,10361.8203125,10497.8603515625,3544680000,0.0,0.0,39.51428571428572,fear
2022-12-27,10462.1904296875,10472.3203125,10340.73046875,10353.23046875,3827290000,0.0,0.0,39.94285714285714,fear
2022-12-28,10339.2001953125,10414.8203125,10207.4697265625,10213.2900390625,3842970000,0.0,0.0,35.51428571428572,fear
2022-12-29,10321.4599609375,10502.080078125,10301.0595703125,10478.08984375,4154100000,0.0,0.0,37.142857142857146,fear
2022-12-30,10368.3701171875,10468.3095703125,10324.7001953125,10466.48046875,3959030000,0.0,0.0,36.51428571428571,fear
2023-01-03,10562.0595703125,10613.0595703125,10309.16015625,10386.98046875,4780650000,0.0,0.0,36.6,fear
2023-01-04,10467.8203125,10515.2197265625,10337.6396484375,10458.759765625,5085380000,0.0,0.0,39.857142857142854,fear
2023-01-05,10390.3095703125,10393.2197265625,10295.25,10305.240234375,4764270000,0.0,0.0,44.17142857142858,fear
2023-01-06,10363.9599609375,10604.1396484375,10265.0400390625,10569.2900390625,5199780000,0.0,0.0,45.714285714285715,neutral
2023-01-09,10662.099609375,10807.259765625,10619.1201171875,10635.650390625,5132190000,0.0,0.0,47.2,neutral
2023-01-10,10607.7197265625,10743.669921875,10589.58984375,10742.6298828125,4710680000,0.0,0.0,49.65714285714286,neutral
2023-01-11,10794.990234375,10932.4404296875,10762.73046875,10931.669921875,5284390000,0.0,0.0,54.228571428571435,neutral
2023-01-12,10969.259765625,11027.75,10797.1201171875,11001.099609375,5681240000,0.0,0.0,56.68571428571429,greed
2023-01-13,10906.3701171875,11084.009765625,10900.16015625,11079.16015625,5077990000,0.0,0.0,61.31428571428571,greed
2023-01-17,11070.0,11145.4404296875,11024.7197265625,11095.1103515625,5138410000,0.0,0.0,64.14285714285714,greed
2023-01-18,11170.9501953125,11223.41015625,10952.0498046875,10957.009765625,5288630000,0.0,0.0,58.42857142857143,greed
2023-01-19,10890.400390625,10932.51953125,10804.5703125,10852.26953125,4660800000,0.0,0.0,55.42857142857144,greed
2023-01-20,10924.66015625,11143.169921875,10885.650390625,11140.4296875,5980110000,0.0,0.0,58.542857142857144,greed
2023-01-23,11171.9404296875,11405.5,11144.0302734375,11364.41015625,5997810000,0.0,0.0,63.60000000000001,greed
2023-01-24,11302.9296875,11378.150390625,11282.650390625,11334.26953125,5670860000,0.0,0.0,63.0,greed
2023-01-25,11146.5302734375,11334.2197265625,11069.1796875,11313.3603515625,5485570000,0.0,0.0,63.88571428571429,greed
2023-01-26,11458.400390625,11516.0498046875,11341.1904296875,11512.41015625,5732890000,0.0,0.0,68.02857142857144,greed
2023-01-27,11470.4697265625,11691.8896484375,11470.26953125,11621.7099609375,6243800000,0.0,0.0,69.2,greed
2023-01-30,11512.33984375,11553.3095703125,11388.5400390625,11393.8095703125,5122320000,0.0,0.0,67.45714285714287,greed
2023-01-31,11398.580078125,11586.009765625,11398.3701171875,11584.5498046875,5695150000,0.0,0.0,70.34285714285716,greed
2023-02-01,11573.1396484375,11904.01953125,11500.330078125,11816.3203125,6336040000,0.0,0.0,82.17142857142858,extreme greed
2023-02-02,12065.150390625,12269.5498046875,12024.1396484375,12200.8203125,7038210000,0.0,0.0,75.2,extreme greed
2023-02-03,11946.8603515625,12231.3095703125,11946.8603515625,12006.9501953125,5954490000,0.0,0.0,76.14285714285714,extreme greed
2023-02-06,11904.41015625,11973.41015625,11843.490234375,11887.4501953125,5538350000,0.0,0.0,75.91428571428573,extreme greed
2023-02-07,11891.25,12150.2197265625,11836.7802734375,12113.7900390625,5720240000,0.0,0.0,76.34285714285714,extreme greed
2023-02-08,12069.1201171875,12096.3896484375,11890.08984375,11910.51953125,5052870000,0.0,0.0,74.62857142857142,greed
2023-02-09,12069.099609375,12070.9599609375,11745.1103515625,11789.580078125,5536290000,0.0,0.0,72.62857142857143,greed
2023-02-10,11714.599609375,11775.7998046875,11630.5400390625,11718.1201171875,4885030000,0.0,0.0,72.4857142857143,greed
2023-02-13,11759.08984375,11910.919921875,11719.73046875,11891.7900390625,4752880000,0.0,0.0,71.82857142857144,greed
2023-02-14,11808.2001953125,11999.849609375,11760.5595703125,11960.150390625,5032430000,0.0,0.0,73.25714285714287,greed
2023-02-15,11905.1201171875,12071.2900390625,11876.8203125,12070.58984375,5056640000,0.0,0.0,73.65714285714284,greed
2023-02-16,11896.3095703125,12040.33984375,11853.3603515625,11855.830078125,5159410000,0.0,0.0,70.71428571428572,greed
2023-02-17,11777.5,11803.2197265625,11673.2099609375,11787.26953125,4925230000,0.0,0.0,69.48571428571428,greed
2023-02-21,11640.3701171875,11684.1396484375,11491.1796875,11492.2998046875,5002540000,0.0,0.0,65.91428571428573,greed
2023-02-22,11517.2001953125,11582.51953125,11445.169921875,11507.0703125,4671270000,0.0,0.0,64.17142857142859,greed
2023-02-23,11636.9296875,11638.98046875,11432.580078125,11590.400390625,4714580000,0.0,0.0,62.65714285714285,greed
2023-02-24,11404.1796875,11434.3603515625,11334.4697265625,11394.9404296875,4432650000,0.0,0.0,60.65714285714286,greed
2023-02-27,11517.1904296875,11565.23046875,11444.599609375,11466.98046875,4494000000,0.0,0.0,61.22857142857144,greed
2023-02-28,11451.0498046875,11548.23046875,11435.3896484375,11455.5400390625,5340950000,0.0,0.0,61.2,greed
2023-03-01,11447.580078125,11479.0,11349.8701171875,11379.48046875,4927530000,0.0,0.0,65.91428571428573,greed
